dataId, x, y, latitude, longitude, zone
c9cc9702902f20218fa5aa9b4f976901, 551190.48993562, 4182468.71003421, 37.78814388, -122.41861813, 10S
c9cc9702902f20218fa5aa9b4f976901, 551190.59683748, 4182463.97447301, 37.78810120, -122.41861725, 10S
c9cc9702902f20218fa5aa9b4f976901, 551179.53916471, 4182418.05769714, 37.78768798, -122.41874607, 10S
c9cc9702902f20218fa5aa9b4f976901, 551177.31361958, 4182376.71446391, 37.78731549, -122.41877426, 10S
c9cc9702902f20218fa5aa9b4f976901, 551186.68986198, 4182353.56241098, 37.78710630, -122.41866941, 10S
c9cc9702902f20218fa5aa9b4f976901, 551198.21860741, 4182335.22281069, 37.78694036, -122.41853978, 10S
c9cc9702902f20218fa5aa9b4f976901, 551214.39515420, 4182305.26029207, 37.78666941, -122.41835819, 10S
c9cc9702902f20218fa5aa9b4f976901, 551221.72206297, 4182286.94167469, 37.78650390, -122.41827628, 10S
c9cc9702902f20218fa5aa9b4f976901, 551224.03713605, 4182284.45172694, 37.78648133, -122.41825016, 10S
c9cc9702902f20218fa5aa9b4f976901, 551226.09904297, 4182275.37177311, 37.78639938, -122.41822739, 10S
c9cc9702902f20218fa5aa9b4f976901, 551233.25496580, 4182264.09533497, 37.78629734, -122.41814692, 10S
c9cc9702902f20218fa5aa9b4f976901, 551233.43974586, 4182259.61936251, 37.78625699, -122.41814514, 10S
c9cc9702902f20218fa5aa9b4f976901, 551235.65604357, 4182252.56055886, 37.78619325, -122.41812047, 10S
c9cc9702902f20218fa5aa9b4f976901, 551240.26455108, 4182245.64436110, 37.78613065, -122.41806862, 10S
c9cc9702902f20218fa5aa9b4f976901, 551251.68945484, 4182236.35878731, 37.78604632, -122.41793953, 10S
c9cc9702902f20218fa5aa9b4f976901, 551258.89915199, 4182236.24673573, 37.78604491, -122.41785766, 10S
c9cc9702902f20218fa5aa9b4f976901, 551263.19519044, 4182238.65607973, 37.78606638, -122.41780870, 10S
c9cc9702902f20218fa5aa9b4f976901, 551267.56003092, 4182243.42172166, 37.78610909, -122.41775880, 10S
c9cc9702902f20218fa5aa9b4f976901, 551281.39986530, 4182250.41858053, 37.78617138, -122.41760113, 10S
c9cc9702902f20218fa5aa9b4f976901, 551302.22196490, 4182255.21496406, 37.78621343, -122.41736433, 10S
c9cc9702902f20218fa5aa9b4f976901, 551325.05657817, 4182266.85196554, 37.78631703, -122.41710419, 10S
c9cc9702902f20218fa5aa9b4f976901, 551340.91927884, 4182278.37378185, 37.78641999, -122.41692323, 10S
c9cc9702902f20218fa5aa9b4f976901, 551352.75016180, 4182283.02664171, 37.78646126, -122.41678854, 10S
c9cc9702902f20218fa5aa9b4f976901, 551373.11539279, 4182299.21660909, 37.78660603, -122.41655612, 10S
c9cc9702902f20218fa5aa9b4f976901, 551382.12909624, 4182310.66419878, 37.78670869, -122.41645294, 10S
c9cc9702902f20218fa5aa9b4f976901, 551389.24990680, 4182329.22361111, 37.78687557, -122.41637076, 10S
c9cc9702902f20218fa5aa9b4f976901, 551391.48783409, 4182342.89738779, 37.78699868, -122.41634438, 10S
c9cc9702902f20218fa5aa9b4f976901, 551391.18536843, 4182393.54646993, 37.78745518, -122.41634422, 10S
c9cc9702902f20218fa5aa9b4f976901, 551389.08299899, 4182409.67015051, 37.78760062, -122.41636695, 10S
c9cc9702902f20218fa5aa9b4f976901, 551381.85842203, 4182432.51839297, 37.78780695, -122.41644738, 10S
c9cc9702902f20218fa5aa9b4f976901, 551376.93208660, 4182443.80999213, 37.78790900, -122.41650253, 10S
c9cc9702902f20218fa5aa9b4f976901, 551367.86305495, 4182459.66002943, 37.78805236, -122.41660440, 10S
c9cc9702902f20218fa5aa9b4f976901, 551351.89366161, 4182477.99110897, 37.78821847, -122.41678446, 10S
c9cc9702902f20218fa5aa9b4f976901, 551326.53552111, 4182500.72046999, 37.78842475, -122.41707083, 10S
c9cc9702902f20218fa5aa9b4f976901, 551287.04565166, 4182507.55851132, 37.78848860, -122.41751883, 10S
c9cc9702902f20218fa5aa9b4f976901, 551249.88591382, 4182511.74420455, 37.78852841, -122.41794054, 10S
c9cc9702902f20218fa5aa9b4f976901, 551199.30767863, 4182513.78641155, 37.78854965, -122.41851480, 10S
c9cc9702902f20218fa5aa9b4f976901, 551180.75800379, 4182511.18858439, 37.78852728, -122.41872565, 10S
c9cc9702902f20218fa5aa9b4f976901, 551171.44904311, 4182481.32023129, 37.78825860, -122.41883348, 10S
c9cc9702902f20218fa5aa9b4f976901, 551169.27671738, 4182465.31080308, 37.78811443, -122.41885928, 10S
c9cc9702902f20218fa5aa9b4f976901, 551171.47379687, 4182442.14860641, 37.78790556, -122.41883596, 10S
c9cc9702902f20218fa5aa9b4f976901, 551180.70749443, 4182428.48476291, 37.78778189, -122.41873206, 10S

c2f553d6198ed9734b1c648edcd2adde, 551281.47625778, 4181943.10847695, 37.78340166, -122.41762200, 10S
c2f553d6198ed9734b1c648edcd2adde, 551283.18484474, 4181943.94694760, 37.78340912, -122.41760254, 10S
c2f553d6198ed9734b1c648edcd2adde, 551287.84865848, 4181943.93100993, 37.78340871, -122.41754958, 10S
c2f553d6198ed9734b1c648edcd2adde, 551289.46855377, 4181944.74262450, 37.78341594, -122.41753113, 10S
c2f553d6198ed9734b1c648edcd2adde, 551308.14650545, 4181945.63420513, 37.78342292, -122.41731896, 10S
c2f553d6198ed9734b1c648edcd2adde, 551331.93784394, 4181945.68488808, 37.78342204, -122.41704878, 10S
c2f553d6198ed9734b1c648edcd2adde, 551350.18805415, 4181948.24061269, 37.78344405, -122.41684135, 10S
c2f553d6198ed9734b1c648edcd2adde, 551360.12097385, 4181948.97256270, 37.78345009, -122.41672850, 10S
c2f553d6198ed9734b1c648edcd2adde, 551373.85462009, 4181948.85542202, 37.78344826, -122.41657255, 10S
c2f553d6198ed9734b1c648edcd2adde, 551381.61884043, 4181949.97081835, 37.78345788, -122.41648430, 10S
c2f553d6198ed9734b1c648edcd2adde, 551398.94644629, 4181953.65913708, 37.78349015, -122.41628727, 10S
c2f553d6198ed9734b1c648edcd2adde, 551400.77162772, 4181955.45247142, 37.78350621, -122.41626641, 10S
c2f553d6198ed9734b1c648edcd2adde, 551406.88526635, 4181958.06648032, 37.78352942, -122.41619680, 10S
c2f553d6198ed9734b1c648edcd2adde, 551409.55675782, 4181959.73358179, 37.78354430, -122.41616635, 10S
c2f553d6198ed9734b1c648edcd2adde, 551420.32444059, 4181965.20792637, 37.78359303, -122.41604368, 10S
c2f553d6198ed9734b1c648edcd2adde, 551429.32508930, 4181967.97390056, 37.78361745, -122.41594127, 10S
c2f553d6198ed9734b1c648edcd2adde, 551442.32084936, 4181971.53244494, 37.78364879, -122.41579344, 10S
c2f553d6198ed9734b1c648edcd2adde, 551449.57627772, 4181972.41040183, 37.78365630, -122.41571099, 10S
c2f553d6198ed9734b1c648edcd2adde, 551476.66628353, 4181977.61858572, 37.78370171, -122.41540298, 10S
c2f553d6198ed9734b1c648edcd2adde, 551486.01643715, 4181978.74881327, 37.78371137, -122.41529672, 10S
c2f553d6198ed9734b1c648edcd2adde, 551536.11696559, 4181979.26118448, 37.78371317, -122.41472774, 10S
c2f553d6198ed9734b1c648edcd2adde, 551548.34177045, 4181981.22968394, 37.78373022, -122.41458878, 10S
c2f553d6198ed9734b1c648edcd2adde, 551557.02483289, 4181983.96993305, 37.78375442, -122.41448998, 10S
c2f553d6198ed9734b1c648edcd2adde, 551562.32896715, 4181984.91710847, 37.78376266, -122.41442968, 10S
c2f553d6198ed9734b1c648edcd2adde, 551575.14427681, 4181985.03851879, 37.78376303, -122.41428414, 10S
c2f553d6198ed9734b1c648edcd2adde, 551580.19791788, 4181983.41830487, 37.78374814, -122.41422686, 10S
c2f553d6198ed9734b1c648edcd2adde, 551582.68507282, 4181980.98810754, 37.78372610, -122.41419879, 10S
c2f553d6198ed9734b1c648edcd2adde, 551587.92482990, 4181977.38429345, 37.78369333, -122.41413955, 10S
c2f553d6198ed9734b1c648edcd2adde, 551596.01470319, 4181966.28495357, 37.78359283, -122.41404847, 10S
c2f553d6198ed9734b1c648edcd2adde, 551602.96433455, 4181950.44134184, 37.78344965, -122.41397068, 10S
c2f553d6198ed9734b1c648edcd2adde, 551607.64187099, 4181928.70813385, 37.78325351, -122.41391910, 10S
c2f553d6198ed9734b1c648edcd2adde, 551608.03646279, 4181891.09877482, 37.78291452, -122.41391730, 10S
c2f553d6198ed9734b1c648edcd2adde, 551606.87342676, 4181887.62483508, 37.78288327, -122.41393075, 10S
c2f553d6198ed9734b1c648edcd2adde, 551605.23194304, 4181885.94616172, 37.78286824, -122.41394951, 10S
c2f553d6198ed9734b1c648edcd2adde, 551594.59924194, 4181883.41726036, 37.78284605, -122.41407044, 10S
c2f553d6198ed9734b1c648edcd2adde, 551588.42659999, 4181882.68826839, 37.78283982, -122.41414059, 10S
c2f553d6198ed9734b1c648edcd2adde, 551580.32188571, 4181882.82000043, 37.78284147, -122.41423261, 10S
c2f553d6198ed9734b1c648edcd2adde, 551571.37697326, 4181882.09996818, 37.78283548, -122.41433424, 10S
c2f553d6198ed9734b1c648edcd2adde, 551558.43988746, 4181880.11149529, 37.78281829, -122.41448129, 10S
c2f553d6198ed9734b1c648edcd2adde, 551553.27484062, 4181878.22432055, 37.78280158, -122.41454008, 10S
c2f553d6198ed9734b1c648edcd2adde, 551539.26001307, 4181876.33437880, 37.78278533, -122.41469937, 10S
c2f553d6198ed9734b1c648edcd2adde, 551492.97352030, 4181864.56035266, 37.78268183, -122.41522583, 10S
c2f553d6198ed9734b1c648edcd2adde, 551475.62240364, 4181860.92807596, 37.78265007, -122.41542312, 10S
c2f553d6198ed9734b1c648edcd2adde, 551444.90139403, 4181856.47104327, 37.78261163, -122.41577230, 10S
c2f553d6198ed9734b1c648edcd2adde, 551432.73657022, 4181856.49412573, 37.78261252, -122.41591044, 10S
c2f553d6198ed9734b1c648edcd2adde, 551416.05199202, 4181855.64249415, 37.78260578, -122.41609997, 10S
c2f553d6198ed9734b1c648edcd2adde, 551396.54780632, 4181853.10659193, 37.78258403, -122.41632163, 10S
c2f553d6198ed9734b1c648edcd2adde, 551369.44982078, 4181851.02555961, 37.78256679, -122.41662950, 10S
c2f553d6198ed9734b1c648edcd2adde, 551356.09602801, 4181847.38993264, 37.78253478, -122.41678140, 10S
c2f553d6198ed9734b1c648edcd2adde, 551347.16013691, 4181843.04062474, 37.78249608, -122.41688318, 10S
c2f553d6198ed9734b1c648edcd2adde, 551339.57691454, 4181842.21737688, 37.78248909, -122.41696936, 10S
c2f553d6198ed9734b1c648edcd2adde, 551337.86625181, 4181841.45706155, 37.78248233, -122.41698884, 10S
c2f553d6198ed9734b1c648edcd2adde, 551323.12297579, 4181841.48833511, 37.78248344, -122.41715626, 10S
c2f553d6198ed9734b1c648edcd2adde, 551317.22266578, 4181843.26775789, 37.78249981, -122.41722313, 10S
c2f553d6198ed9734b1c648edcd2adde, 551312.07808976, 4181845.84577195, 37.78252333, -122.41728137, 10S
c2f553d6198ed9734b1c648edcd2adde, 551303.43801524, 4181851.70910244, 37.78257666, -122.41737907, 10S
c2f553d6198ed9734b1c648edcd2adde, 551294.77997074, 4181865.42996649, 37.78270081, -122.41747642, 10S
c2f553d6198ed9734b1c648edcd2adde, 551286.81154211, 4181881.27363695, 37.78284406, -122.41756579, 10S
c2f553d6198ed9734b1c648edcd2adde, 551284.73195805, 4181894.56408847, 37.78296396, -122.41758846, 10S
c2f553d6198ed9734b1c648edcd2adde, 551284.33658540, 4181918.89824698, 37.78318330, -122.41759123, 10S
c2f553d6198ed9734b1c648edcd2adde, 551286.02187397, 4181932.77384930, 37.78330826, -122.41757111, 10S
c2f553d6198ed9734b1c648edcd2adde, 551291.25756518, 4181958.10179215, 37.78353624, -122.41750986, 10S
c2f553d6198ed9734b1c648edcd2adde, 551292.04289979, 4181961.47642970, 37.78356661, -122.41750071, 10S
c2f553d6198ed9734b1c648edcd2adde, 551294.64496045, 4181963.91066107, 37.78358840, -122.41747099, 10S
c2f553d6198ed9734b1c648edcd2adde, 551299.99529136, 4181965.85985048, 37.78360567, -122.41741009, 10S
c2f553d6198ed9734b1c648edcd2adde, 551331.05129225, 4181958.18177807, 37.78353473, -122.41705796, 10S

7bb0d6af2c40db0c80ad6a1ed0b86393, 551506.11593332, 4182389.38727590, 37.78741122, -122.41503930, 10S
7bb0d6af2c40db0c80ad6a1ed0b86393, 551506.16628541, 4182384.67761421, 37.78736877, -122.41503906, 10S
7bb0d6af2c40db0c80ad6a1ed0b86393, 551507.55251342, 4182381.20432017, 37.78733739, -122.41502357, 10S
7bb0d6af2c40db0c80ad6a1ed0b86393, 551516.05845741, 4182343.14312936, 37.78699388, -122.41492967, 10S
7bb0d6af2c40db0c80ad6a1ed0b86393, 551519.70664187, 4182322.37809404, 37.78680652, -122.41488972, 10S
7bb0d6af2c40db0c80ad6a1ed0b86393, 551519.94589714, 4182291.03421250, 37.78652401, -122.41488923, 10S
7bb0d6af2c40db0c80ad6a1ed0b86393, 551522.04800672, 4182284.07506472, 37.78646117, -122.41486585, 10S
7bb0d6af2c40db0c80ad6a1ed0b86393, 551525.82880112, 4182282.77782041, 37.78644927, -122.41482301, 10S
7bb0d6af2c40db0c80ad6a1ed0b86393, 551536.19622111, 4182283.94509705, 37.78645920, -122.41470519, 10S
7bb0d6af2c40db0c80ad6a1ed0b86393, 551559.62920737, 4182288.69647657, 37.78650070, -122.41443873, 10S
7bb0d6af2c40db0c80ad6a1ed0b86393, 551584.10864339, 4182288.84036933, 37.78650062, -122.41416072, 10S
7bb0d6af2c40db0c80ad6a1ed0b86393, 551614.48012340, 4182291.13754618, 37.78651961, -122.41381565, 10S
7bb0d6af2c40db0c80ad6a1ed0b86393, 551632.87160228, 4182293.59217700, 37.78654069, -122.41360661, 10S
7bb0d6af2c40db0c80ad6a1ed0b86393, 551646.80918759, 4182300.48394281, 37.78660202, -122.41344784, 10S
7bb0d6af2c40db0c80ad6a1ed0b86393, 551656.92178765, 4182307.62591865, 37.78666581, -122.41333249, 10S
7bb0d6af2c40db0c80ad6a1ed0b86393, 551663.99993081, 4182314.59980096, 37.78672827, -122.41325161, 10S
7bb0d6af2c40db0c80ad6a1ed0b86393, 551664.80609544, 4182320.53876063, 37.78678175, -122.41324203, 10S
7bb0d6af2c40db0c80ad6a1ed0b86393, 551665.74869636, 4182334.25513434, 37.78690532, -122.41323035, 10S
7bb0d6af2c40db0c80ad6a1ed0b86393, 551665.46046947, 4182359.51684781, 37.78713301, -122.41323182, 10S
7bb0d6af2c40db0c80ad6a1ed0b86393, 551666.62458315, 4182367.45210287, 37.78720446, -122.41321804, 10S
7bb0d6af2c40db0c80ad6a1ed0b86393, 551666.51371112, 4182393.96983485, 37.78744347, -122.41321741, 10S
7bb0d6af2c40db0c80ad6a1ed0b86393, 551665.14608952, 4182406.64650854, 37.78755780, -122.41323203, 10S
7bb0d6af2c40db0c80ad6a1ed0b86393, 551661.58582129, 4182418.04869164, 37.78766076, -122.41327165, 10S
7bb0d6af2c40db0c80ad6a1ed0b86393, 551659.52038654, 4182423.85073050, 37.78771317, -122.41329470, 10S
7bb0d6af2c40db0c80ad6a1ed0b86393, 551655.75588032, 4182427.26060844, 37.78774412, -122.41333721, 10S
7bb0d6af2c40db0c80ad6a1ed0b86393, 551648.75435662, 4182429.72918840, 37.78776676, -122.41341654, 10S
7bb0d6af2c40db0c80ad6a1ed0b86393, 551637.29703547, 4182429.86281068, 37.78776861, -122.41354665, 10S
7bb0d6af2c40db0c80ad6a1ed0b86393, 551613.93994879, 4182425.26602922, 37.78772850, -122.41381223, 10S
7bb0d6af2c40db0c80ad6a1ed0b86393, 551588.20077830, 4182423.99865352, 37.78771854, -122.41410463, 10S
7bb0d6af2c40db0c80ad6a1ed0b86393, 551554.34860409, 4182423.83406043, 37.78771896, -122.41448909, 10S
7bb0d6af2c40db0c80ad6a1ed0b86393, 551534.62736603, 4182420.37200279, 37.78768887, -122.41471331, 10S
7bb0d6af2c40db0c80ad6a1ed0b86393, 551525.20015521, 4182415.77912550, 37.78764801, -122.41482069, 10S

547366494aad5b8424d353dce9805dda, 551665.25497896, 4182318.86623107, 37.78676665, -122.41323705, 10S
547366494aad5b8424d353dce9805dda, 551663.79009342, 4182317.52106960, 37.78675461, -122.41325378, 10S
547366494aad5b8424d353dce9805dda, 551663.49754927, 4182313.95074417, 37.78672245, -122.41325736, 10S
547366494aad5b8424d353dce9805dda, 551662.87256627, 4182363.35979451, 37.78716779, -122.41326094, 10S
547366494aad5b8424d353dce9805dda, 551661.78346088, 4182379.67151197, 37.78731487, -122.41327214, 10S
547366494aad5b8424d353dce9805dda, 551658.44374697, 4182403.94544787, 37.78753383, -122.41330834, 10S
547366494aad5b8424d353dce9805dda, 551658.68850097, 4182410.79018662, 37.78759551, -122.41330507, 10S
547366494aad5b8424d353dce9805dda, 551652.85899550, 4182422.10364697, 37.78769780, -122.41337047, 10S
547366494aad5b8424d353dce9805dda, 551652.85628304, 4182427.84414528, 37.78774954, -122.41337009, 10S
547366494aad5b8424d353dce9805dda, 551648.15812044, 4182432.44345457, 37.78779126, -122.41342312, 10S
547366494aad5b8424d353dce9805dda, 551638.71732473, 4182432.39898755, 37.78779139, -122.41353034, 10S
547366494aad5b8424d353dce9805dda, 551614.38835622, 4182427.60537122, 37.78774956, -122.41380698, 10S
547366494aad5b8424d353dce9805dda, 551579.50235830, 4182414.66204846, 37.78763488, -122.41420408, 10S
547366494aad5b8424d353dce9805dda, 551566.54386354, 4182411.15873789, 37.78760404, -122.41435150, 10S
547366494aad5b8424d353dce9805dda, 551545.50133598, 4182407.67931830, 37.78757386, -122.41459072, 10S
547366494aad5b8424d353dce9805dda, 551513.04161776, 4182407.58904077, 37.78757488, -122.41495935, 10S
547366494aad5b8424d353dce9805dda, 551506.30505218, 4182406.39000826, 37.78756446, -122.41503594, 10S
547366494aad5b8424d353dce9805dda, 551503.17349045, 4182402.98099948, 37.78753391, -122.41507175, 10S
547366494aad5b8424d353dce9805dda, 551503.79971957, 4182354.38166229, 37.78709586, -122.41506809, 10S
547366494aad5b8424d353dce9805dda, 551507.57447211, 4182339.43569563, 37.78696094, -122.41502628, 10S
547366494aad5b8424d353dce9805dda, 551508.51840911, 4182328.88638336, 37.78686581, -122.41501631, 10S
547366494aad5b8424d353dce9805dda, 551513.02099351, 4182316.04336147, 37.78674980, -122.41496609, 10S
547366494aad5b8424d353dce9805dda, 551515.56155864, 4182305.71868354, 37.78665661, -122.41493798, 10S
547366494aad5b8424d353dce9805dda, 551519.11650464, 4182299.85649392, 37.78660357, -122.41489802, 10S
547366494aad5b8424d353dce9805dda, 551527.23502889, 4182297.67421359, 37.78658345, -122.41480598, 10S
547366494aad5b8424d353dce9805dda, 551582.98898642, 4182298.09729384, 37.78658411, -122.41417278, 10S
547366494aad5b8424d353dce9805dda, 551599.25241200, 4182300.38944518, 37.78660385, -122.41398792, 10S
547366494aad5b8424d353dce9805dda, 551616.75083000, 4182305.03812876, 37.78664476, -122.41378887, 10S
547366494aad5b8424d353dce9805dda, 551631.66648890, 4182307.59608414, 37.78666697, -122.41361930, 10S
547366494aad5b8424d353dce9805dda, 551653.66467961, 4182314.66353452, 37.78672943, -122.41336898, 10S
547366494aad5b8424d353dce9805dda, 551658.38714301, 4182316.81776465, 37.78674857, -122.41331519, 10S
547366494aad5b8424d353dce9805dda, 551671.23871148, 4182319.25549582, 37.78676982, -122.41316907, 10S

ea75c91e9b75a940735e898cbd8f4731, 552220.32500268, 4182542.14541672, 37.78874745, -122.40691734, 10S
ea75c91e9b75a940735e898cbd8f4731, 552205.90300118, 4182535.53142833, 37.78868866, -122.40708160, 10S
ea75c91e9b75a940735e898cbd8f4731, 552200.80434645, 4182535.64866895, 37.78869001, -122.40713950, 10S
ea75c91e9b75a940735e898cbd8f4731, 552158.17442706, 4182519.44432245, 37.78854640, -122.40762480, 10S
ea75c91e9b75a940735e898cbd8f4731, 552130.13501599, 4182515.11305535, 37.78850896, -122.40794355, 10S
ea75c91e9b75a940735e898cbd8f4731, 552057.74991254, 4182500.11392306, 37.78837791, -122.40876668, 10S
ea75c91e9b75a940735e898cbd8f4731, 552018.68726600, 4182497.04176985, 37.78835244, -122.40921053, 10S
ea75c91e9b75a940735e898cbd8f4731, 551995.64325001, 4182494.20026725, 37.78832814, -122.40947244, 10S
ea75c91e9b75a940735e898cbd8f4731, 551969.20588220, 4182487.23416477, 37.78826687, -122.40977318, 10S
ea75c91e9b75a940735e898cbd8f4731, 551960.17212556, 4182479.00823472, 37.78819324, -122.40987636, 10S
ea75c91e9b75a940735e898cbd8f4731, 551957.82074540, 4182472.48220660, 37.78813456, -122.40990353, 10S
ea75c91e9b75a940735e898cbd8f4731, 551956.79040701, 4182468.40409674, 37.78809786, -122.40991552, 10S
ea75c91e9b75a940735e898cbd8f4731, 551957.19232111, 4182449.71505589, 37.78792940, -122.40991230, 10S
ea75c91e9b75a940735e898cbd8f4731, 551981.32512122, 4182396.52760506, 37.78744866, -122.40964205, 10S
ea75c91e9b75a940735e898cbd8f4731, 551981.05979316, 4182387.25197337, 37.78736508, -122.40964572, 10S
ea75c91e9b75a940735e898cbd8f4731, 551978.06440770, 4182384.76066112, 37.78734279, -122.40967992, 10S
ea75c91e9b75a940735e898cbd8f4731, 551963.65955085, 4182379.36389104, 37.78729497, -122.40984390, 10S
ea75c91e9b75a940735e898cbd8f4731, 551951.87705326, 4182378.05169766, 37.78728382, -122.40997780, 10S
ea75c91e9b75a940735e898cbd8f4731, 551926.65327324, 4182372.48685526, 37.78723510, -122.41026465, 10S
ea75c91e9b75a940735e898cbd8f4731, 551906.71056747, 4182371.02339214, 37.78722304, -122.41049124, 10S
ea75c91e9b75a940735e898cbd8f4731, 551884.04304864, 4182367.06794894, 37.78718868, -122.41074894, 10S
ea75c91e9b75a940735e898cbd8f4731, 551866.67481425, 4182365.45626195, 37.78717514, -122.41094630, 10S
ea75c91e9b75a940735e898cbd8f4731, 551864.03916368, 4182364.00208214, 37.78716218, -122.41097634, 10S
ea75c91e9b75a940735e898cbd8f4731, 551858.70087957, 4182363.86532503, 37.78716125, -122.41103697, 10S

c8f9841d7dd6122dd1333ef217c121ff, 551103.09869967, 4181909.57524703, 37.78310943, -122.41965001, 10S
c8f9841d7dd6122dd1333ef217c121ff, 551103.28041261, 4181919.97272316, 37.78320312, -122.41964722, 10S
c8f9841d7dd6122dd1333ef217c121ff, 551105.43819114, 4181936.72781712, 37.78335401, -122.41962153, 10S
c8f9841d7dd6122dd1333ef217c121ff, 551103.49942010, 4181946.25663563, 37.78344000, -122.41964288, 10S
c8f9841d7dd6122dd1333ef217c121ff, 551098.99821090, 4181953.43856216, 37.78350498, -122.41969349, 10S
c8f9841d7dd6122dd1333ef217c121ff, 551098.09648001, 4181957.46602059, 37.78354133, -122.41970344, 10S
c8f9841d7dd6122dd1333ef217c121ff, 551098.96098125, 4181956.42401651, 37.78353189, -122.41969370, 10S

9bea21acb1dd8d8c04c5b195ea288184, 551094.54296480, 4181917.99002444, 37.78318574, -122.41974658, 10S
9bea21acb1dd8d8c04c5b195ea288184, 551093.26882135, 4181909.32922893, 37.78310776, -122.41976166, 10S

bb1626e5079f43af23645183d6d6b70d, 551071.55249690, 4182025.81198024, 37.78415880, -122.42000006, 10S
bb1626e5079f43af23645183d6d6b70d, 551071.75734649, 4182019.66526794, 37.78410339, -122.41999817, 10S
bb1626e5079f43af23645183d6d6b70d, 551074.68354643, 4182008.03512044, 37.78399841, -122.41996576, 10S
bb1626e5079f43af23645183d6d6b70d, 551077.75255103, 4182000.85370885, 37.78393351, -122.41993141, 10S
bb1626e5079f43af23645183d6d6b70d, 551078.93055629, 4182001.06987302, 37.78393540, -122.41991802, 10S
bb1626e5079f43af23645183d6d6b70d, 551075.68662589, 4182001.25860755, 37.78393728, -122.41995484, 10S

15e6f3167f092091dc629117442fdfae, 551096.53083537, 4181940.23047679, 37.78338608, -122.41972244, 10S
15e6f3167f092091dc629117442fdfae, 551099.92658424, 4181919.10540061, 37.78319550, -122.41968536, 10S
15e6f3167f092091dc629117442fdfae, 551100.68722998, 4181917.01733331, 37.78317663, -122.41967687, 10S
15e6f3167f092091dc629117442fdfae, 551101.76800485, 4181908.58312436, 37.78310056, -122.41966519, 10S
15e6f3167f092091dc629117442fdfae, 551101.76747824, 4181903.10776489, 37.78305121, -122.41966559, 10S

f474435df3e35e52a9494901d8bc1f0b, 551088.61118011, 4182017.45004305, 37.78408249, -122.41980693, 10S
f474435df3e35e52a9494901d8bc1f0b, 551074.46558099, 4182016.29602769, 37.78407288, -122.41996765, 10S
f474435df3e35e52a9494901d8bc1f0b, 551043.93103093, 4182011.01983838, 37.78402703, -122.42031478, 10S
f474435df3e35e52a9494901d8bc1f0b, 551018.65862057, 4182011.06871926, 37.78402888, -122.42060177, 10S
f474435df3e35e52a9494901d8bc1f0b, 551018.90858685, 4182009.15950071, 37.78401166, -122.42059906, 10S

d031d06ccf438d61ca67b499090b2cd1, 551112.63194328, 4181914.92683573, 37.78315712, -122.41954138, 10S
d031d06ccf438d61ca67b499090b2cd1, 551098.62234785, 4181912.74848624, 37.78313828, -122.41970062, 10S
d031d06ccf438d61ca67b499090b2cd1, 551092.37094530, 4181912.73526167, 37.78313851, -122.41977161, 10S
d031d06ccf438d61ca67b499090b2cd1, 551052.23515789, 4181904.89331076, 37.78307007, -122.42022794, 10S
d031d06ccf438d61ca67b499090b2cd1, 551037.66360486, 4181904.61935416, 37.78306842, -122.42039344, 10S
d031d06ccf438d61ca67b499090b2cd1, 551033.27517247, 4181903.56201776, 37.78305913, -122.42044335, 10S

acfd829847d1e89890c3f9ce36fa3aa2, 551087.91603734, 4181958.17117059, 37.78354826, -122.41981900, 10S
acfd829847d1e89890c3f9ce36fa3aa2, 551032.58756782, 4181944.08307481, 37.78342438, -122.42044830, 10S
acfd829847d1e89890c3f9ce36fa3aa2, 551023.03885761, 4181944.03911732, 37.78342451, -122.42055674, 10S
acfd829847d1e89890c3f9ce36fa3aa2, 551021.04862416, 4181942.77223653, 37.78341321, -122.42057943, 10S
acfd829847d1e89890c3f9ce36fa3aa2, 551012.44403511, 4181942.52285699, 37.78341144, -122.42067716, 10S

09962a9b216cde08abd5178cb542f78a, 551019.72693735, 4181984.21029595, 37.78378675, -122.42059152, 10S
09962a9b216cde08abd5178cb542f78a, 551006.28981169, 4181959.58055999, 37.78356552, -122.42074585, 10S
09962a9b216cde08abd5178cb542f78a, 551003.87152638, 4181953.01521921, 37.78350648, -122.42077377, 10S
09962a9b216cde08abd5178cb542f78a, 551005.15071973, 4181909.65167585, 37.78311559, -122.42076230, 10S
09962a9b216cde08abd5178cb542f78a, 551022.09032737, 4181878.03878036, 37.78282972, -122.42057216, 10S
09962a9b216cde08abd5178cb542f78a, 551047.48188342, 4181857.91666656, 37.78264695, -122.42028523, 10S
09962a9b216cde08abd5178cb542f78a, 551081.54136285, 4181851.61087335, 37.78258821, -122.41989890, 10S
09962a9b216cde08abd5178cb542f78a, 551105.05434649, 4181852.86047200, 37.78259816, -122.41963180, 10S
09962a9b216cde08abd5178cb542f78a, 551130.59566144, 4181872.95721239, 37.78277786, -122.41934034, 10S
09962a9b216cde08abd5178cb542f78a, 551150.71477271, 4181903.80663272, 37.78305477, -122.41910970, 10S
09962a9b216cde08abd5178cb542f78a, 551156.68642017, 4181934.34641891, 37.78332968, -122.41903973, 10S
09962a9b216cde08abd5178cb542f78a, 551155.61549056, 4181963.77428013, 37.78359497, -122.41904981, 10S
09962a9b216cde08abd5178cb542f78a, 551146.28629453, 4181979.59710654, 37.78373810, -122.41915464, 10S
09962a9b216cde08abd5178cb542f78a, 551125.03705920, 4181993.43618771, 37.78386402, -122.41939497, 10S
09962a9b216cde08abd5178cb542f78a, 551101.54678282, 4182004.92912644, 37.78396891, -122.41966092, 10S
09962a9b216cde08abd5178cb542f78a, 551085.35474736, 4182010.32651917, 37.78401847, -122.41984441, 10S
09962a9b216cde08abd5178cb542f78a, 551062.27897363, 4182013.35167784, 37.78404702, -122.42010625, 10S
09962a9b216cde08abd5178cb542f78a, 551031.78712874, 4181999.61137186, 37.78392489, -122.42045349, 10S
09962a9b216cde08abd5178cb542f78a, 551022.02473664, 4181988.75510928, 37.78382759, -122.42056511, 10S
09962a9b216cde08abd5178cb542f78a, 551017.80268643, 4181977.09003835, 37.78372269, -122.42061388, 10S

f4d4e47ca9ad0d2a94cff9bda926b7c5, 551145.33855461, 4181954.29372098, 37.78351010, -122.41916719, 10S
f4d4e47ca9ad0d2a94cff9bda926b7c5, 551147.37579731, 4181959.60919393, 37.78355789, -122.41914368, 10S
f4d4e47ca9ad0d2a94cff9bda926b7c5, 551124.96109242, 4181989.95476747, 37.78383264, -122.41939608, 10S
f4d4e47ca9ad0d2a94cff9bda926b7c5, 551100.09303362, 4182006.94281649, 37.78398714, -122.41967728, 10S
f4d4e47ca9ad0d2a94cff9bda926b7c5, 551078.90579725, 4182014.21353536, 37.78405386, -122.41991737, 10S
f4d4e47ca9ad0d2a94cff9bda926b7c5, 551053.54601185, 4182005.58404223, 37.78397750, -122.42020597, 10S
f4d4e47ca9ad0d2a94cff9bda926b7c5, 551034.27855802, 4181986.41369251, 37.78380580, -122.42042612, 10S
f4d4e47ca9ad0d2a94cff9bda926b7c5, 551024.69306887, 4181974.50476318, 37.78369900, -122.42053581, 10S
f4d4e47ca9ad0d2a94cff9bda926b7c5, 551018.69149169, 4181952.25203140, 37.78349878, -122.42060553, 10S
f4d4e47ca9ad0d2a94cff9bda926b7c5, 551019.06065989, 4181931.10406100, 37.78330816, -122.42060283, 10S
f4d4e47ca9ad0d2a94cff9bda926b7c5, 551036.19898027, 4181914.29941926, 37.78315574, -122.42040939, 10S
f4d4e47ca9ad0d2a94cff9bda926b7c5, 551056.40673944, 4181910.21701452, 37.78311782, -122.42018020, 10S
f4d4e47ca9ad0d2a94cff9bda926b7c5, 551079.90677210, 4181910.38901639, 37.78311806, -122.41991332, 10S
f4d4e47ca9ad0d2a94cff9bda926b7c5, 551098.14369896, 4181913.49120696, 37.78314500, -122.41970601, 10S
f4d4e47ca9ad0d2a94cff9bda926b7c5, 551120.44056876, 4181923.17804910, 37.78323105, -122.41945212, 10S
f4d4e47ca9ad0d2a94cff9bda926b7c5, 551136.51517913, 4181936.84411271, 37.78335332, -122.41926862, 10S
f4d4e47ca9ad0d2a94cff9bda926b7c5, 551142.00114997, 4181953.61436684, 37.78350416, -122.41920513, 10S
f4d4e47ca9ad0d2a94cff9bda926b7c5, 551137.43581915, 4181975.81902371, 37.78370454, -122.41925541, 10S
f4d4e47ca9ad0d2a94cff9bda926b7c5, 551131.17437263, 4181982.13394996, 37.78376181, -122.41932607, 10S

47e0b2e36f6fec76d01df9b3fdb5ee63, 551138.94147330, 4181957.42942529, 37.78353872, -122.41923961, 10S
47e0b2e36f6fec76d01df9b3fdb5ee63, 551138.61594237, 4181963.78733458, 37.78359604, -122.41924286, 10S
47e0b2e36f6fec76d01df9b3fdb5ee63, 551130.13143947, 4181985.75295991, 37.78379448, -122.41933766, 10S
47e0b2e36f6fec76d01df9b3fdb5ee63, 551121.45469997, 4182001.57308393, 37.78393755, -122.41943508, 10S
47e0b2e36f6fec76d01df9b3fdb5ee63, 551115.28606488, 4182009.15026865, 37.78400619, -122.41950459, 10S
47e0b2e36f6fec76d01df9b3fdb5ee63, 551108.10618986, 4182016.50720785, 37.78407290, -122.41958561, 10S
47e0b2e36f6fec76d01df9b3fdb5ee63, 551097.63730677, 4182020.66699269, 37.78411097, -122.41970420, 10S
47e0b2e36f6fec76d01df9b3fdb5ee63, 551085.70999904, 4182023.96989910, 37.78414141, -122.41983942, 10S
47e0b2e36f6fec76d01df9b3fdb5ee63, 551074.06814324, 4182024.94569312, 37.78415086, -122.41997156, 10S
47e0b2e36f6fec76d01df9b3fdb5ee63, 551067.40650451, 4182024.89391929, 37.78415076, -122.42004721, 10S
47e0b2e36f6fec76d01df9b3fdb5ee63, 551057.72211269, 4182023.97689757, 37.78414304, -122.42015725, 10S
47e0b2e36f6fec76d01df9b3fdb5ee63, 551021.43226646, 4182005.75350516, 37.78398082, -122.42057064, 10S
47e0b2e36f6fec76d01df9b3fdb5ee63, 551005.80128085, 4181992.10806752, 37.78385871, -122.42074911, 10S
47e0b2e36f6fec76d01df9b3fdb5ee63, 551003.37520359, 4181986.80227594, 37.78381103, -122.42077703, 10S
47e0b2e36f6fec76d01df9b3fdb5ee63, 551000.42827924, 4181974.93449767, 37.78370423, -122.42081133, 10S
47e0b2e36f6fec76d01df9b3fdb5ee63, 550999.29360761, 4181968.37234902, 37.78364515, -122.42082468, 10S
47e0b2e36f6fec76d01df9b3fdb5ee63, 550998.60242679, 4181953.34989002, 37.78350979, -122.42083359, 10S
47e0b2e36f6fec76d01df9b3fdb5ee63, 550998.95313836, 4181941.72469261, 37.78340500, -122.42083042, 10S
47e0b2e36f6fec76d01df9b3fdb5ee63, 551001.33369095, 4181927.78793523, 37.78327926, -122.42080437, 10S
47e0b2e36f6fec76d01df9b3fdb5ee63, 551002.41621815, 4181888.66396232, 37.78292658, -122.42079483, 10S
47e0b2e36f6fec76d01df9b3fdb5ee63, 550987.01137608, 4181845.00657447, 37.78253397, -122.42097283, 10S
47e0b2e36f6fec76d01df9b3fdb5ee63, 550992.70835739, 4181836.41283488, 37.78245620, -122.42090874, 10S
47e0b2e36f6fec76d01df9b3fdb5ee63, 551004.45935853, 4181836.32453590, 37.78245475, -122.42077531, 10S
47e0b2e36f6fec76d01df9b3fdb5ee63, 551022.63660774, 4181839.66210570, 37.78248381, -122.42056865, 10S
47e0b2e36f6fec76d01df9b3fdb5ee63, 551050.25109355, 4181849.19433891, 37.78256818, -122.42025440, 10S
47e0b2e36f6fec76d01df9b3fdb5ee63, 551059.68665944, 4181850.35725743, 37.78257813, -122.42014717, 10S
47e0b2e36f6fec76d01df9b3fdb5ee63, 551079.67265124, 4181857.72246252, 37.78264340, -122.41991969, 10S
47e0b2e36f6fec76d01df9b3fdb5ee63, 551091.54963779, 4181866.09305550, 37.78271818, -122.41978423, 10S
47e0b2e36f6fec76d01df9b3fdb5ee63, 551099.81490124, 4181871.47564142, 37.78276623, -122.41968999, 10S
47e0b2e36f6fec76d01df9b3fdb5ee63, 551108.27775848, 4181882.14838335, 37.78286194, -122.41959313, 10S
47e0b2e36f6fec76d01df9b3fdb5ee63, 551126.89853562, 4181917.00620096, 37.78317507, -122.41937922, 10S
47e0b2e36f6fec76d01df9b3fdb5ee63, 551129.90256979, 4181926.57191737, 37.78326111, -122.41934443, 10S
47e0b2e36f6fec76d01df9b3fdb5ee63, 551133.05729212, 4181939.30986949, 37.78337574, -122.41930771, 10S
47e0b2e36f6fec76d01df9b3fdb5ee63, 551136.36401813, 4181955.00741893, 37.78351703, -122.41926905, 10S
47e0b2e36f6fec76d01df9b3fdb5ee63, 551136.40192281, 4181983.58880334, 37.78377463, -122.41926660, 10S
47e0b2e36f6fec76d01df9b3fdb5ee63, 551125.76846362, 4181999.60873802, 37.78391961, -122.41938623, 10S
47e0b2e36f6fec76d01df9b3fdb5ee63, 551117.07114715, 4182009.07520384, 37.78400541, -122.41948433, 10S
47e0b2e36f6fec76d01df9b3fdb5ee63, 551092.66427897, 4182022.88534585, 37.78413125, -122.41976052, 10S
47e0b2e36f6fec76d01df9b3fdb5ee63, 551072.60343853, 4182028.04145473, 37.78417884, -122.41998797, 10S
47e0b2e36f6fec76d01df9b3fdb5ee63, 551053.27994280, 4182029.17960141, 37.78419018, -122.42020733, 10S
47e0b2e36f6fec76d01df9b3fdb5ee63, 551036.34695533, 4182021.65555558, 37.78412331, -122.42040015, 10S
47e0b2e36f6fec76d01df9b3fdb5ee63, 551022.31080331, 4182014.36344858, 37.78405837, -122.42056006, 10S
47e0b2e36f6fec76d01df9b3fdb5ee63, 551008.70183787, 4181999.66938805, 37.78392670, -122.42071564, 10S
47e0b2e36f6fec76d01df9b3fdb5ee63, 551002.16865435, 4181988.83315410, 37.78382940, -122.42079059, 10S
47e0b2e36f6fec76d01df9b3fdb5ee63, 551002.14384779, 4181956.87786636, 37.78354139, -122.42079312, 10S
47e0b2e36f6fec76d01df9b3fdb5ee63, 551021.57540806, 4181929.28583322, 37.78329163, -122.42057440, 10S
47e0b2e36f6fec76d01df9b3fdb5ee63, 551036.59449593, 4181911.41026872, 37.78312968, -122.42040510, 10S
47e0b2e36f6fec76d01df9b3fdb5ee63, 551064.29198331, 4181891.29132287, 37.78294681, -122.42009199, 10S
47e0b2e36f6fec76d01df9b3fdb5ee63, 551083.75151130, 4181884.88375636, 37.78288797, -122.41987146, 10S
47e0b2e36f6fec76d01df9b3fdb5ee63, 551111.58400030, 4181884.87912315, 37.78288637, -122.41955540, 10S
47e0b2e36f6fec76d01df9b3fdb5ee63, 551135.92709173, 4181891.20173533, 37.78294199, -122.41927851, 10S
47e0b2e36f6fec76d01df9b3fdb5ee63, 551152.57945613, 4181903.82336308, 37.78305482, -122.41908852, 10S
47e0b2e36f6fec76d01df9b3fdb5ee63, 551155.63708983, 4181907.89127652, 37.78309131, -122.41905351, 10S
47e0b2e36f6fec76d01df9b3fdb5ee63, 551157.42945318, 4181926.76385743, 37.78326130, -122.41903182, 10S
47e0b2e36f6fec76d01df9b3fdb5ee63, 551156.44264824, 4181942.65015576, 37.78340454, -122.41904191, 10S
47e0b2e36f6fec76d01df9b3fdb5ee63, 551128.88376463, 4181972.96855086, 37.78367933, -122.41935273, 10S
47e0b2e36f6fec76d01df9b3fdb5ee63, 551113.57296104, 4181992.98342492, 37.78386058, -122.41952519, 10S
47e0b2e36f6fec76d01df9b3fdb5ee63, 551109.21558785, 4181996.34132595, 37.78389109, -122.41957443, 10S

84acebc3542fb106474a70a8411f3aef, 551234.10651728, 4182196.44055159, 37.78568754, -122.41814203, 10S
84acebc3542fb106474a70a8411f3aef, 551218.46254842, 4182196.22730624, 37.78568649, -122.41831970, 10S
84acebc3542fb106474a70a8411f3aef, 551203.86422182, 4182193.48106320, 37.78566256, -122.41848568, 10S
84acebc3542fb106474a70a8411f3aef, 551189.53620597, 4182189.78971484, 37.78563009, -122.41864865, 10S
84acebc3542fb106474a70a8411f3aef, 551171.44065034, 4182186.26704158, 37.78559936, -122.41885440, 10S
84acebc3542fb106474a70a8411f3aef, 551154.50365493, 4182184.63669277, 37.78558561, -122.41904686, 10S
84acebc3542fb106474a70a8411f3aef, 551146.75066330, 4182183.22490170, 37.78557332, -122.41913500, 10S
84acebc3542fb106474a70a8411f3aef, 551140.84729573, 4182183.25584920, 37.78557393, -122.41920204, 10S
84acebc3542fb106474a70a8411f3aef, 551131.30079245, 4182181.14790165, 37.78555547, -122.41931060, 10S
84acebc3542fb106474a70a8411f3aef, 551108.95826509, 4182173.91205871, 37.78549150, -122.41956484, 10S
84acebc3542fb106474a70a8411f3aef, 551099.45611554, 4182171.79590234, 37.78547296, -122.41967290, 10S
84acebc3542fb106474a70a8411f3aef, 551089.88789918, 4182170.13319500, 37.78545851, -122.41978167, 10S
84acebc3542fb106474a70a8411f3aef, 551078.24792005, 4182167.34936250, 37.78543407, -122.41991406, 10S
84acebc3542fb106474a70a8411f3aef, 551068.02146131, 4182165.74378514, 37.78542017, -122.42003031, 10S
84acebc3542fb106474a70a8411f3aef, 551055.77267158, 4182162.59414231, 37.78539247, -122.42016963, 10S
84acebc3542fb106474a70a8411f3aef, 551049.00712386, 4182161.91774954, 37.78538675, -122.42024651, 10S
84acebc3542fb106474a70a8411f3aef, 551034.62049516, 4182158.10045153, 37.78535315, -122.42041015, 10S
84acebc3542fb106474a70a8411f3aef, 551030.55569247, 4182157.50200643, 37.78534799, -122.42045636, 10S
84acebc3542fb106474a70a8411f3aef, 551026.09552723, 4182157.61673686, 37.78534927, -122.42050700, 10S
84acebc3542fb106474a70a8411f3aef, 551010.50879661, 4182155.54625633, 37.78533148, -122.42068415, 10S
84acebc3542fb106474a70a8411f3aef, 551003.34673639, 4182152.71207419, 37.78530634, -122.42076569, 10S
84acebc3542fb106474a70a8411f3aef, 550993.29442155, 4182149.75971031, 37.78528029, -122.42088005, 10S
84acebc3542fb106474a70a8411f3aef, 550981.20565185, 4182147.54097232, 37.78526097, -122.42101749, 10S
84acebc3542fb106474a70a8411f3aef, 550976.61736047, 4182147.51555812, 37.78526099, -122.42106960, 10S
84acebc3542fb106474a70a8411f3aef, 550976.34858555, 4182146.24712355, 37.78524958, -122.42107274, 10S

06fa5f3c06d6ba052cb01399cf78af99, 551242.67028328, 4182090.58130333, 37.78473297, -122.41805226, 10S
06fa5f3c06d6ba052cb01399cf78af99, 551233.90039401, 4182090.50960639, 37.78473282, -122.41815186, 10S
06fa5f3c06d6ba052cb01399cf78af99, 551220.32572713, 4182089.13826396, 37.78472122, -122.41830611, 10S
06fa5f3c06d6ba052cb01399cf78af99, 551214.36013881, 4182087.55250789, 37.78470726, -122.41837397, 10S
06fa5f3c06d6ba052cb01399cf78af99, 551180.57862963, 4182081.72275810, 37.78465661, -122.41875801, 10S
06fa5f3c06d6ba052cb01399cf78af99, 551157.05487019, 4182076.60285461, 37.78461179, -122.41902551, 10S
06fa5f3c06d6ba052cb01399cf78af99, 551149.15790673, 4182075.74298134, 37.78460448, -122.41911525, 10S
06fa5f3c06d6ba052cb01399cf78af99, 551138.42555463, 4182073.46486216, 37.78458455, -122.41923729, 10S
06fa5f3c06d6ba052cb01399cf78af99, 551130.40271536, 4182072.50396505, 37.78457634, -122.41932846, 10S
06fa5f3c06d6ba052cb01399cf78af99, 551125.58546315, 4182071.00884541, 37.78456313, -122.41938327, 10S
06fa5f3c06d6ba052cb01399cf78af99, 551109.01292644, 4182067.90923332, 37.78453612, -122.41957169, 10S
06fa5f3c06d6ba052cb01399cf78af99, 551096.20227005, 4182065.15599471, 37.78451202, -122.41971736, 10S
06fa5f3c06d6ba052cb01399cf78af99, 551088.92434818, 4182064.45311926, 37.78450610, -122.41980006, 10S
06fa5f3c06d6ba052cb01399cf78af99, 551084.80782778, 4182062.79247585, 37.78449136, -122.41984693, 10S
06fa5f3c06d6ba052cb01399cf78af99, 551079.61969065, 4182062.55645031, 37.78448952, -122.41990586, 10S
06fa5f3c06d6ba052cb01399cf78af99, 551068.04906698, 4182061.01107666, 37.78447624, -122.42003737, 10S
06fa5f3c06d6ba052cb01399cf78af99, 551058.57529081, 4182058.79371140, 37.78445679, -122.42014511, 10S
06fa5f3c06d6ba052cb01399cf78af99, 551053.73283554, 4182057.90545794, 37.78444905, -122.42020016, 10S
06fa5f3c06d6ba052cb01399cf78af99, 551049.21362781, 4182057.73484361, 37.78444777, -122.42025150, 10S
06fa5f3c06d6ba052cb01399cf78af99, 551045.64972168, 4182057.14689918, 37.78444267, -122.42029201, 10S
06fa5f3c06d6ba052cb01399cf78af99, 551042.32593438, 4182055.58305793, 37.78442876, -122.42032987, 10S
06fa5f3c06d6ba052cb01399cf78af99, 551037.21454316, 4182055.01614764, 37.78442393, -122.42038795, 10S
06fa5f3c06d6ba052cb01399cf78af99, 551033.77001177, 4182055.17520374, 37.78442556, -122.42042706, 10S
06fa5f3c06d6ba052cb01399cf78af99, 551031.90839789, 4182054.49756195, 37.78441956, -122.42044824, 10S
06fa5f3c06d6ba052cb01399cf78af99, 551028.83917485, 4182054.52806909, 37.78442000, -122.42048310, 10S
06fa5f3c06d6ba052cb01399cf78af99, 551023.94965287, 4182053.27753310, 37.78440900, -122.42053871, 10S
06fa5f3c06d6ba052cb01399cf78af99, 551021.39436275, 4182053.47272854, 37.78441091, -122.42056772, 10S
06fa5f3c06d6ba052cb01399cf78af99, 551007.62136275, 4182051.05889843, 37.78438992, -122.42072429, 10S
06fa5f3c06d6ba052cb01399cf78af99, 550988.00643634, 4182050.75581236, 37.78438828, -122.42094706, 10S
06fa5f3c06d6ba052cb01399cf78af99, 550987.80204971, 4182049.30318153, 37.78437520, -122.42094949, 10S

0d9b6aa733651fa3e57d2bb50e32a044, 552184.43578992, 4182525.21697012, 37.78859692, -122.40732614, 10S
0d9b6aa733651fa3e57d2bb50e32a044, 552162.30250580, 4182525.09691929, 37.78859711, -122.40757751, 10S
0d9b6aa733651fa3e57d2bb50e32a044, 552114.54483690, 4182517.61933173, 37.78853244, -122.40812042, 10S
0d9b6aa733651fa3e57d2bb50e32a044, 552090.96448578, 4182515.49006633, 37.78851459, -122.40838837, 10S
0d9b6aa733651fa3e57d2bb50e32a044, 552050.29054703, 4182509.57830063, 37.78846363, -122.40885072, 10S
0d9b6aa733651fa3e57d2bb50e32a044, 552024.46977109, 4182503.74179842, 37.78841250, -122.40914438, 10S
0d9b6aa733651fa3e57d2bb50e32a044, 552015.57790172, 4182503.49586400, 37.78841079, -122.40924538, 10S
0d9b6aa733651fa3e57d2bb50e32a044, 551976.98091519, 4182490.36467190, 37.78829464, -122.40968465, 10S
0d9b6aa733651fa3e57d2bb50e32a044, 551966.11037758, 4182488.51055547, 37.78827855, -122.40980824, 10S
0d9b6aa733651fa3e57d2bb50e32a044, 551936.74197067, 4182479.05596506, 37.78819500, -122.41014244, 10S
0d9b6aa733651fa3e57d2bb50e32a044, 551933.32462557, 4182478.90440454, 37.78819383, -122.41018127, 10S
0d9b6aa733651fa3e57d2bb50e32a044, 551934.96716131, 4182471.58941414, 37.78812781, -122.41016314, 10S
0d9b6aa733651fa3e57d2bb50e32a044, 551940.81944215, 4182464.41705320, 37.78806284, -122.41009719, 10S
0d9b6aa733651fa3e57d2bb50e32a044, 551957.43936257, 4182433.30314195, 37.78778147, -122.40991067, 10S
0d9b6aa733651fa3e57d2bb50e32a044, 551972.38743841, 4182391.35002417, 37.78740251, -122.40974392, 10S
0d9b6aa733651fa3e57d2bb50e32a044, 551977.84064251, 4182378.68030000, 37.78728801, -122.40968290, 10S
0d9b6aa733651fa3e57d2bb50e32a044, 551983.13961350, 4182369.49310539, 37.78720490, -122.40962338, 10S
0d9b6aa733651fa3e57d2bb50e32a044, 551906.29143190, 4182368.92699808, 37.78720417, -122.41049615, 10S
0d9b6aa733651fa3e57d2bb50e32a044, 551879.00190790, 4182366.98071339, 37.78718818, -122.41080620, 10S
0d9b6aa733651fa3e57d2bb50e32a044, 551838.96117642, 4182361.27977912, 37.78713907, -122.41126133, 10S
0d9b6aa733651fa3e57d2bb50e32a044, 551837.26223557, 4182359.61096840, 37.78712413, -122.41128075, 10S
0d9b6aa733651fa3e57d2bb50e32a044, 551827.98235355, 4182359.72231291, 37.78712566, -122.41138612, 10S
0d9b6aa733651fa3e57d2bb50e32a044, 551820.50370764, 4182357.72872657, 37.78710811, -122.41147120, 10S

2c9605fcabee5109cce0cf96a7e4e286, 551678.09905332, 4182329.20642030, 37.78685912, -122.41309045, 10S
2c9605fcabee5109cce0cf96a7e4e286, 551579.74546800, 4182328.42202115, 37.78685760, -122.41420746, 10S
2c9605fcabee5109cce0cf96a7e4e286, 551540.83927227, 4182325.04793586, 37.78682939, -122.41464954, 10S
2c9605fcabee5109cce0cf96a7e4e286, 551517.44573414, 4182324.88167929, 37.78682921, -122.41491522, 10S
2c9605fcabee5109cce0cf96a7e4e286, 551500.03109528, 4182321.79009806, 37.78680233, -122.41511320, 10S
2c9605fcabee5109cce0cf96a7e4e286, 551490.37163623, 4182321.85764477, 37.78680348, -122.41522290, 10S
2c9605fcabee5109cce0cf96a7e4e286, 551480.69907500, 4182318.53907842, 37.78677412, -122.41533298, 10S
2c9605fcabee5109cce0cf96a7e4e286, 551476.34706014, 4182318.36438254, 37.78677279, -122.41538241, 10S
2c9605fcabee5109cce0cf96a7e4e286, 551476.66981213, 4182319.91193647, 37.78678672, -122.41537864, 10S
2c9605fcabee5109cce0cf96a7e4e286, 551479.67883817, 4182321.61400918, 37.78680189, -122.41534435, 10S
2c9605fcabee5109cce0cf96a7e4e286, 551488.89165006, 4182335.76700498, 37.78692893, -122.41523872, 10S
2c9605fcabee5109cce0cf96a7e4e286, 551493.39671579, 4182356.20915586, 37.78711292, -122.41518610, 10S
2c9605fcabee5109cce0cf96a7e4e286, 551493.24759488, 4182371.64058121, 37.78725200, -122.41518670, 10S
2c9605fcabee5109cce0cf96a7e4e286, 551489.76802481, 4182382.50291760, 37.78735010, -122.41522544, 10S
2c9605fcabee5109cce0cf96a7e4e286, 551484.70882150, 4182393.47300518, 37.78744925, -122.41528212, 10S
2c9605fcabee5109cce0cf96a7e4e286, 551479.58412403, 4182412.17892612, 37.78761814, -122.41533899, 10S
2c9605fcabee5109cce0cf96a7e4e286, 551479.23231857, 4182416.90711022, 37.78766077, -122.41534265, 10S
2c9605fcabee5109cce0cf96a7e4e286, 551493.03815954, 4182413.67194545, 37.78763083, -122.41518609, 10S
2c9605fcabee5109cce0cf96a7e4e286, 551523.01713688, 4182410.68577227, 37.78760223, -122.41484585, 10S
2c9605fcabee5109cce0cf96a7e4e286, 551564.95324535, 4182410.88514996, 37.78760166, -122.41436958, 10S
2c9605fcabee5109cce0cf96a7e4e286, 551598.96369953, 4182413.99785372, 37.78762779, -122.41398312, 10S
2c9605fcabee5109cce0cf96a7e4e286, 551620.76360047, 4182420.27240035, 37.78768311, -122.41373510, 10S
2c9605fcabee5109cce0cf96a7e4e286, 551625.44021211, 4182420.21849493, 37.78768236, -122.41368199, 10S
2c9605fcabee5109cce0cf96a7e4e286, 551640.85317335, 4182424.88773799, 37.78772357, -122.41350662, 10S
2c9605fcabee5109cce0cf96a7e4e286, 551645.38017928, 4182424.82287809, 37.78772273, -122.41345521, 10S
2c9605fcabee5109cce0cf96a7e4e286, 551648.58873606, 4182423.47998300, 37.78771045, -122.41341887, 10S
2c9605fcabee5109cce0cf96a7e4e286, 551648.78348782, 4182404.62696230, 37.78754052, -122.41341800, 10S
2c9605fcabee5109cce0cf96a7e4e286, 551650.23392494, 4182399.78938102, 37.78749684, -122.41340187, 10S
2c9605fcabee5109cce0cf96a7e4e286, 551653.54780394, 4182384.39214178, 37.78735788, -122.41336534, 10S
2c9605fcabee5109cce0cf96a7e4e286, 551653.68040347, 4182378.17896320, 37.78730187, -122.41336427, 10S
2c9605fcabee5109cce0cf96a7e4e286, 551655.18657324, 4182367.19090796, 37.78720276, -122.41334795, 10S
2c9605fcabee5109cce0cf96a7e4e286, 551655.12905208, 4182356.49867575, 37.78710639, -122.41334937, 10S
2c9605fcabee5109cce0cf96a7e4e286, 551657.07964789, 4182346.97120232, 37.78702041, -122.41332789, 10S
2c9605fcabee5109cce0cf96a7e4e286, 551657.54534988, 4182325.18013885, 37.78682399, -122.41332416, 10S
2c9605fcabee5109cce0cf96a7e4e286, 551655.87767972, 4182322.18704135, 37.78679711, -122.41334331, 10S

b106ba01d3342992821922b294805f66, 551297.97712053, 4182675.20827172, 37.78999897, -122.41738282, 10S
b106ba01d3342992821922b294805f66, 551302.88141160, 4182664.44990774, 37.78990173, -122.41732788, 10S
b106ba01d3342992821922b294805f66, 551307.83260266, 4182648.91801202, 37.78976147, -122.41727275, 10S
b106ba01d3342992821922b294805f66, 551309.46129536, 4182630.29451534, 37.78959353, -122.41725557, 10S
b106ba01d3342992821922b294805f66, 551309.50955476, 4182614.66356910, 37.78945265, -122.41725613, 10S
b106ba01d3342992821922b294805f66, 551312.96477628, 4182591.32721945, 37.78924213, -122.41721854, 10S
b106ba01d3342992821922b294805f66, 551315.90678254, 4182580.31169722, 37.78914268, -122.41718591, 10S
b106ba01d3342992821922b294805f66, 551317.73871149, 4182569.59460550, 37.78904599, -122.41716586, 10S
b106ba01d3342992821922b294805f66, 551320.70725247, 4182557.07368562, 37.78893298, -122.41713304, 10S
b106ba01d3342992821922b294805f66, 551327.29795676, 4182540.08714981, 37.78877951, -122.41705939, 10S
b106ba01d3342992821922b294805f66, 551338.52611699, 4182501.29784384, 37.78842928, -122.41693462, 10S
b106ba01d3342992821922b294805f66, 551346.77548825, 4182479.78544971, 37.78823493, -122.41684246, 10S
b106ba01d3342992821922b294805f66, 551348.48457870, 4182470.27111374, 37.78814908, -122.41682372, 10S
b106ba01d3342992821922b294805f66, 551353.38171707, 4182453.17806205, 37.78799475, -122.41676932, 10S
b106ba01d3342992821922b294805f66, 551354.90699080, 4182440.89755637, 37.78788399, -122.41675287, 10S
b106ba01d3342992821922b294805f66, 551354.87209934, 4182428.35184984, 37.78777092, -122.41675415, 10S
b106ba01d3342992821922b294805f66, 551361.19369900, 4182366.06947843, 37.78720923, -122.41668677, 10S
b106ba01d3342992821922b294805f66, 551361.00689915, 4182345.64157867, 37.78702513, -122.41669034, 10S
b106ba01d3342992821922b294805f66, 551362.77532807, 4182334.86327480, 37.78692788, -122.41667102, 10S
b106ba01d3342992821922b294805f66, 551362.96422978, 4182326.92032394, 37.78685628, -122.41666944, 10S
b106ba01d3342992821922b294805f66, 551364.48515301, 4182320.83658656, 37.78680137, -122.41665260, 10S
b106ba01d3342992821922b294805f66, 551365.82826586, 4182308.27527057, 37.78668808, -122.41663823, 10S
b106ba01d3342992821922b294805f66, 551367.57637402, 4182303.50306219, 37.78664497, -122.41661872, 10S
b106ba01d3342992821922b294805f66, 551369.16429872, 4182289.42833316, 37.78651803, -122.41660168, 10S
b106ba01d3342992821922b294805f66, 551370.47572738, 4182284.69378874, 37.78647528, -122.41658713, 10S
b106ba01d3342992821922b294805f66, 551370.26491347, 4182273.61102268, 37.78637541, -122.41659030, 10S

f5316996f8d6216e62c4bce1e2d3106f, 551831.31742153, 4182097.41089807, 37.78476132, -122.41136700, 10S
f5316996f8d6216e62c4bce1e2d3106f, 551831.09292097, 4182100.59597744, 37.78479004, -122.41136932, 10S
f5316996f8d6216e62c4bce1e2d3106f, 551828.79648589, 4182112.74902229, 37.78489970, -122.41139453, 10S
f5316996f8d6216e62c4bce1e2d3106f, 551823.96099712, 4182131.43353312, 37.78506837, -122.41144811, 10S
f5316996f8d6216e62c4bce1e2d3106f, 551822.92473119, 4182140.36776560, 37.78514896, -122.41145924, 10S
f5316996f8d6216e62c4bce1e2d3106f, 551821.70251401, 4182140.51846298, 37.78515038, -122.41147311, 10S
f5316996f8d6216e62c4bce1e2d3106f, 551817.58117493, 4182135.99510489, 37.78510985, -122.41152024, 10S
f5316996f8d6216e62c4bce1e2d3106f, 551806.46903788, 4182128.20034343, 37.78504023, -122.41164698, 10S
f5316996f8d6216e62c4bce1e2d3106f, 551782.20870677, 4182118.27259668, 37.78495213, -122.41192320, 10S
f5316996f8d6216e62c4bce1e2d3106f, 551752.64308617, 4182108.03361965, 37.78486152, -122.41225968, 10S
f5316996f8d6216e62c4bce1e2d3106f, 551738.03444450, 4182102.26658406, 37.78481037, -122.41242599, 10S
f5316996f8d6216e62c4bce1e2d3106f, 551731.69460652, 4182099.07773067, 37.78478199, -122.41249822, 10S
f5316996f8d6216e62c4bce1e2d3106f, 551725.91009974, 4182097.91600459, 37.78477185, -122.41256399, 10S
f5316996f8d6216e62c4bce1e2d3106f, 551724.96676017, 4182096.61272706, 37.78476015, -122.41257479, 10S
f5316996f8d6216e62c4bce1e2d3106f, 551722.43169299, 4182096.39725130, 37.78475836, -122.41260360, 10S
f5316996f8d6216e62c4bce1e2d3106f, 551722.19709150, 4182080.95903382, 37.78461923, -122.41260736, 10S

fb796d2af9a9ceac1af2abd0f11d50cd, 551835.44359253, 4182142.44658105, 37.78516698, -122.41131692, 10S
fb796d2af9a9ceac1af2abd0f11d50cd, 551834.18282888, 4182143.36423257, 37.78517532, -122.41133118, 10S
fb796d2af9a9ceac1af2abd0f11d50cd, 551826.64156228, 4182143.14455551, 37.78517377, -122.41141683, 10S
fb796d2af9a9ceac1af2abd0f11d50cd, 551812.06396134, 4182138.64805095, 37.78513407, -122.41158270, 10S
fb796d2af9a9ceac1af2abd0f11d50cd, 551805.76467983, 4182135.20878942, 37.78510343, -122.41165448, 10S
fb796d2af9a9ceac1af2abd0f11d50cd, 551784.60126380, 4182128.62058979, 37.78504525, -122.41189529, 10S
fb796d2af9a9ceac1af2abd0f11d50cd, 551775.63739050, 4182124.04011424, 37.78500448, -122.41199741, 10S
fb796d2af9a9ceac1af2abd0f11d50cd, 551762.71399792, 4182121.70966535, 37.78498421, -122.41214434, 10S
fb796d2af9a9ceac1af2abd0f11d50cd, 551735.48275674, 4182118.09887586, 37.78495321, -122.41245384, 10S
fb796d2af9a9ceac1af2abd0f11d50cd, 551725.71318579, 4182117.89124524, 37.78495189, -122.41256480, 10S
fb796d2af9a9ceac1af2abd0f11d50cd, 551699.01953970, 4182113.34479240, 37.78491242, -122.41286826, 10S
fb796d2af9a9ceac1af2abd0f11d50cd, 551679.28107304, 4182111.96350213, 37.78490109, -122.41309251, 10S
fb796d2af9a9ceac1af2abd0f11d50cd, 551665.95573910, 4182109.60401901, 37.78488058, -122.41324401, 10S
fb796d2af9a9ceac1af2abd0f11d50cd, 551658.45532763, 4182109.47669683, 37.78487986, -122.41332919, 10S
fb796d2af9a9ceac1af2abd0f11d50cd, 551655.98965627, 4182108.53445498, 37.78487150, -122.41335726, 10S
fb796d2af9a9ceac1af2abd0f11d50cd, 551648.33203630, 4182108.65744366, 37.78487305, -122.41344421, 10S
fb796d2af9a9ceac1af2abd0f11d50cd, 551628.25293445, 4182106.16301337, 37.78485170, -122.41367241, 10S
fb796d2af9a9ceac1af2abd0f11d50cd, 551599.82165920, 4182100.30956595, 37.78480055, -122.41399570, 10S
fb796d2af9a9ceac1af2abd0f11d50cd, 551589.94075268, 4182100.06141931, 37.78479887, -122.41410793, 10S
fb796d2af9a9ceac1af2abd0f11d50cd, 551577.89411060, 4182098.95320746, 37.78478956, -122.41424481, 10S
fb796d2af9a9ceac1af2abd0f11d50cd, 551572.60558313, 4182096.86886247, 37.78477108, -122.41430501, 10S

29035b9a0e29e193d6a3ddc2d9836cef, 551843.96196531, 4182015.15503767, 37.78401925, -122.41122929, 10S
29035b9a0e29e193d6a3ddc2d9836cef, 551838.33585372, 4182017.26024998, 37.78403854, -122.41129303, 10S
29035b9a0e29e193d6a3ddc2d9836cef, 551822.75460381, 4182021.76299305, 37.78408001, -122.41146965, 10S
29035b9a0e29e193d6a3ddc2d9836cef, 551794.45308448, 4182016.29217858, 37.78403231, -122.41179143, 10S
29035b9a0e29e193d6a3ddc2d9836cef, 551788.76213748, 4182011.79688523, 37.78399212, -122.41185638, 10S
29035b9a0e29e193d6a3ddc2d9836cef, 551787.93162320, 4182004.10481389, 37.78392284, -122.41186636, 10S
29035b9a0e29e193d6a3ddc2d9836cef, 551791.54083977, 4181999.89279989, 37.78388467, -122.41182568, 10S
29035b9a0e29e193d6a3ddc2d9836cef, 551799.23446617, 4181995.44192427, 37.78384412, -122.41173863, 10S
29035b9a0e29e193d6a3ddc2d9836cef, 551811.29762812, 4181992.02376058, 37.78381263, -122.41160188, 10S
29035b9a0e29e193d6a3ddc2d9836cef, 551824.64997861, 4181991.90717157, 37.78381082, -122.41145026, 10S
29035b9a0e29e193d6a3ddc2d9836cef, 551834.84279383, 4181993.04048046, 37.78382046, -122.41133443, 10S
29035b9a0e29e193d6a3ddc2d9836cef, 551847.15762164, 4182001.97771179, 37.78390031, -122.41119394, 10S
29035b9a0e29e193d6a3ddc2d9836cef, 551850.72583573, 4182007.57968886, 37.78395059, -122.41115302, 10S

be6634976e072ba59fb477b0a20b883a, 552001.46135874, 4182063.07052238, 37.78444215, -122.40943728, 10S
be6634976e072ba59fb477b0a20b883a, 551933.44977136, 4182062.72467447, 37.78444290, -122.41020966, 10S
be6634976e072ba59fb477b0a20b883a, 551920.15904893, 4182060.60797308, 37.78442458, -122.41036074, 10S
be6634976e072ba59fb477b0a20b883a, 551908.03010008, 4182057.84410299, 37.78440036, -122.41049867, 10S
be6634976e072ba59fb477b0a20b883a, 551878.68892140, 4182048.06444053, 37.78431388, -122.41083257, 10S
be6634976e072ba59fb477b0a20b883a, 551860.53453582, 4182040.58509312, 37.78424750, -122.41103927, 10S
be6634976e072ba59fb477b0a20b883a, 551843.55716920, 4182034.72771085, 37.78419568, -122.41123249, 10S
be6634976e072ba59fb477b0a20b883a, 551829.49616823, 4182030.73449338, 37.78416049, -122.41139245, 10S
be6634976e072ba59fb477b0a20b883a, 551818.86980102, 4182028.83994252, 37.78414401, -122.41151326, 10S
be6634976e072ba59fb477b0a20b883a, 551811.94300391, 4182025.89092125, 37.78411783, -122.41159213, 10S
be6634976e072ba59fb477b0a20b883a, 551799.54161902, 4182024.04198204, 37.78410187, -122.41173309, 10S
be6634976e072ba59fb477b0a20b883a, 551792.05555749, 4182021.99272657, 37.78408382, -122.41181825, 10S
be6634976e072ba59fb477b0a20b883a, 551776.03505689, 4182017.11902726, 37.78404080, -122.41200053, 10S
be6634976e072ba59fb477b0a20b883a, 551764.00053380, 4182014.02019778, 37.78401356, -122.41213742, 10S
be6634976e072ba59fb477b0a20b883a, 551736.75304213, 4182006.45798867, 37.78394694, -122.41244738, 10S
be6634976e072ba59fb477b0a20b883a, 551730.86676158, 4182005.30039484, 37.78393684, -122.41251431, 10S
be6634976e072ba59fb477b0a20b883a, 551687.65740377, 4182004.85095213, 37.78393524, -122.41300503, 10S
be6634976e072ba59fb477b0a20b883a, 551681.27175563, 4182003.78626386, 37.78392600, -122.41307762, 10S
be6634976e072ba59fb477b0a20b883a, 551644.61947449, 4181993.31608367, 37.78383371, -122.41349459, 10S
be6634976e072ba59fb477b0a20b883a, 551633.40604052, 4181991.25694186, 37.78381579, -122.41362207, 10S
be6634976e072ba59fb477b0a20b883a, 551632.19983495, 4181990.29908141, 37.78380722, -122.41363584, 10S
be6634976e072ba59fb477b0a20b883a, 551630.59054485, 4181990.28121033, 37.78380715, -122.41365412, 10S
be6634976e072ba59fb477b0a20b883a, 551631.54065237, 4181991.12589791, 37.78381471, -122.41364327, 10S

0da0c749d056654b623b702d9ad955c0, 551627.96793117, 4181637.37546859, 37.78062664, -122.41370902, 10S
0da0c749d056654b623b702d9ad955c0, 551627.73134143, 4181639.66328299, 37.78064728, -122.41371155, 10S
0da0c749d056654b623b702d9ad955c0, 551629.48413968, 4181646.13165123, 37.78070548, -122.41369118, 10S
0da0c749d056654b623b702d9ad955c0, 551628.37355297, 4181662.12353367, 37.78084967, -122.41370266, 10S
0da0c749d056654b623b702d9ad955c0, 551626.05112067, 4181666.34828357, 37.78088788, -122.41372873, 10S
0da0c749d056654b623b702d9ad955c0, 551615.83911937, 4181670.81791310, 37.78092874, -122.41384437, 10S
0da0c749d056654b623b702d9ad955c0, 551606.48385738, 4181668.39192409, 37.78090740, -122.41395078, 10S
0da0c749d056654b623b702d9ad955c0, 551600.60538973, 4181660.54987504, 37.78083706, -122.41401809, 10S
0da0c749d056654b623b702d9ad955c0, 551599.26020426, 4181646.76485071, 37.78071289, -122.41403435, 10S
0da0c749d056654b623b702d9ad955c0, 551602.07120110, 4181631.58003595, 37.78057587, -122.41400351, 10S
0da0c749d056654b623b702d9ad955c0, 551617.45703861, 4181609.72997025, 37.78037808, -122.41383035, 10S
0da0c749d056654b623b702d9ad955c0, 551624.10900509, 4181607.51637890, 37.78035775, -122.41375497, 10S
0da0c749d056654b623b702d9ad955c0, 551634.93254815, 4181606.66318830, 37.78034945, -122.41363212, 10S
0da0c749d056654b623b702d9ad955c0, 551641.49153264, 4181611.16599060, 37.78038966, -122.41355732, 10S
0da0c749d056654b623b702d9ad955c0, 551644.11076132, 4181624.82674938, 37.78051263, -122.41352661, 10S
0da0c749d056654b623b702d9ad955c0, 551643.82248971, 4181636.50900875, 37.78061794, -122.41352905, 10S
0da0c749d056654b623b702d9ad955c0, 551640.87467447, 4181643.73928507, 37.78068327, -122.41356201, 10S
0da0c749d056654b623b702d9ad955c0, 551633.46484214, 4181649.59801377, 37.78073649, -122.41364573, 10S

1885a92e5957b5c4df1eaae847fbcc10, 551820.85017197, 4181726.54315466, 37.78141937, -122.41151237, 10S
1885a92e5957b5c4df1eaae847fbcc10, 551820.66718345, 4181728.91216835, 37.78144073, -122.41151428, 10S
1885a92e5957b5c4df1eaae847fbcc10, 551819.82608474, 4181729.09632004, 37.78144244, -122.41152382, 10S
1885a92e5957b5c4df1eaae847fbcc10, 551812.37269941, 4181721.62027273, 37.78137549, -122.41160899, 10S
1885a92e5957b5c4df1eaae847fbcc10, 551800.85562959, 4181704.88078729, 37.78122527, -122.41174097, 10S
1885a92e5957b5c4df1eaae847fbcc10, 551790.91741488, 4181691.74922505, 37.78110748, -122.41185476, 10S
1885a92e5957b5c4df1eaae847fbcc10, 551787.76488520, 4181690.47495005, 37.78109617, -122.41189065, 10S
1885a92e5957b5c4df1eaae847fbcc10, 551782.18555269, 4181684.71366382, 37.78104457, -122.41195442, 10S
1885a92e5957b5c4df1eaae847fbcc10, 551779.73248741, 4181683.09430047, 37.78103011, -122.41198239, 10S
1885a92e5957b5c4df1eaae847fbcc10, 551774.79184588, 4181677.41080241, 37.78097917, -122.41203890, 10S
1885a92e5957b5c4df1eaae847fbcc10, 551768.90963770, 4181672.45761448, 37.78093486, -122.41210605, 10S
1885a92e5957b5c4df1eaae847fbcc10, 551759.49310866, 4181662.41247371, 37.78084486, -122.41221370, 10S
1885a92e5957b5c4df1eaae847fbcc10, 551756.83846741, 4181658.77731223, 37.78081224, -122.41224410, 10S
1885a92e5957b5c4df1eaae847fbcc10, 551744.39295685, 4181646.44079215, 37.78070176, -122.41238631, 10S
1885a92e5957b5c4df1eaae847fbcc10, 551741.60479389, 4181644.40621493, 37.78068358, -122.41241812, 10S
1885a92e5957b5c4df1eaae847fbcc10, 551735.72401779, 4181636.91435966, 37.78061639, -122.41248543, 10S
1885a92e5957b5c4df1eaae847fbcc10, 551734.30941364, 4181634.18017854, 37.78059183, -122.41250169, 10S
1885a92e5957b5c4df1eaae847fbcc10, 551732.33686832, 4181631.81062190, 37.78057059, -122.41252426, 10S
1885a92e5957b5c4df1eaae847fbcc10, 551731.21007634, 4181629.51084827, 37.78054992, -122.41253722, 10S
1885a92e5957b5c4df1eaae847fbcc10, 551726.84786309, 4181625.98545752, 37.78051840, -122.41258700, 10S
1885a92e5957b5c4df1eaae847fbcc10, 551725.51742935, 4181623.15090332, 37.78049293, -122.41260231, 10S
1885a92e5957b5c4df1eaae847fbcc10, 551724.98071147, 4181619.41970238, 37.78045933, -122.41260867, 10S

c8077b0827755fed412849d90ec1f25e, 551617.60378742, 4181757.14380484, 37.78170667, -122.41381819, 10S
c8077b0827755fed412849d90ec1f25e, 551610.13694277, 4181766.95276112, 37.78179550, -122.41390228, 10S
c8077b0827755fed412849d90ec1f25e, 551601.01012542, 4181770.58316484, 37.78182874, -122.41400567, 10S
c8077b0827755fed412849d90ec1f25e, 551597.11943604, 4181771.25541659, 37.78183502, -122.41404980, 10S
c8077b0827755fed412849d90ec1f25e, 551586.35103277, 4181769.00081196, 37.78181530, -122.41417224, 10S
c8077b0827755fed412849d90ec1f25e, 551583.02266868, 4181765.28601378, 37.78178201, -122.41421030, 10S
c8077b0827755fed412849d90ec1f25e, 551574.76797254, 4181753.10344541, 37.78167268, -122.41430491, 10S
c8077b0827755fed412849d90ec1f25e, 551570.28013648, 4181742.21978821, 37.78157484, -122.41435664, 10S
c8077b0827755fed412849d90ec1f25e, 551569.77278641, 4181726.86884591, 37.78143651, -122.41436350, 10S
c8077b0827755fed412849d90ec1f25e, 551579.40928955, 4181716.77328846, 37.78134498, -122.41425479, 10S
c8077b0827755fed412849d90ec1f25e, 551589.16707737, 4181712.42345182, 37.78130523, -122.41414429, 10S
c8077b0827755fed412849d90ec1f25e, 551592.24137164, 4181711.79024605, 37.78129935, -122.41410942, 10S
c8077b0827755fed412849d90ec1f25e, 551599.62352506, 4181711.10502378, 37.78129275, -122.41402564, 10S
c8077b0827755fed412849d90ec1f25e, 551605.34035537, 4181711.17687306, 37.78129308, -122.41396072, 10S
c8077b0827755fed412849d90ec1f25e, 551613.04183297, 4181712.95418510, 37.78130866, -122.41387314, 10S
c8077b0827755fed412849d90ec1f25e, 551619.06853721, 4181716.99529939, 37.78134474, -122.41380441, 10S
c8077b0827755fed412849d90ec1f25e, 551625.60568116, 4181727.78349083, 37.78144160, -122.41372941, 10S
c8077b0827755fed412849d90ec1f25e, 551629.25179638, 4181736.27366092, 37.78151792, -122.41368740, 10S
c8077b0827755fed412849d90ec1f25e, 551629.07876388, 4181739.26018198, 37.78154484, -122.41368916, 10S
c8077b0827755fed412849d90ec1f25e, 551631.55923127, 4181747.65844652, 37.78162040, -122.41366039, 10S
c8077b0827755fed412849d90ec1f25e, 551631.75134134, 4181752.25568951, 37.78166182, -122.41365788, 10S
c8077b0827755fed412849d90ec1f25e, 551629.24254470, 4181759.00309433, 37.78172277, -122.41368589, 10S
c8077b0827755fed412849d90ec1f25e, 551625.01836856, 4181765.18109895, 37.78177869, -122.41373342, 10S
c8077b0827755fed412849d90ec1f25e, 551619.28765848, 4181769.01898644, 37.78181361, -122.41379822, 10S

b7476c851eb37d87e2da44898135108d, 551579.61367235, 4181792.97803331, 37.78203178, -122.41424704, 10S
b7476c851eb37d87e2da44898135108d, 551578.40721667, 4181791.30275521, 37.78201675, -122.41426086, 10S
b7476c851eb37d87e2da44898135108d, 551574.04299889, 4181789.02641152, 37.78199648, -122.41431059, 10S
b7476c851eb37d87e2da44898135108d, 551555.51710851, 4181782.61505148, 37.78193975, -122.41452142, 10S
b7476c851eb37d87e2da44898135108d, 551543.35124769, 4181783.23000201, 37.78194597, -122.41465952, 10S
b7476c851eb37d87e2da44898135108d, 551538.11755294, 4181787.77666380, 37.78198725, -122.41471863, 10S
b7476c851eb37d87e2da44898135108d, 551533.56502134, 4181794.07145302, 37.78204424, -122.41476988, 10S
b7476c851eb37d87e2da44898135108d, 551528.90608158, 4181804.80700648, 37.78214126, -122.41482203, 10S
b7476c851eb37d87e2da44898135108d, 551526.85155688, 4181816.24184547, 37.78224443, -122.41484454, 10S
b7476c851eb37d87e2da44898135108d, 551528.40561588, 4181835.23336568, 37.78241551, -122.41482555, 10S
b7476c851eb37d87e2da44898135108d, 551533.86791029, 4181842.25742374, 37.78247851, -122.41476302, 10S
b7476c851eb37d87e2da44898135108d, 551544.03210091, 4181846.21280886, 37.78251359, -122.41464732, 10S
b7476c851eb37d87e2da44898135108d, 551550.24245202, 4181847.15252112, 37.78252170, -122.41457673, 10S
b7476c851eb37d87e2da44898135108d, 551557.01561985, 4181846.48176335, 37.78251528, -122.41449986, 10S
b7476c851eb37d87e2da44898135108d, 551561.57439028, 4181842.75533792, 37.78248143, -122.41444835, 10S
b7476c851eb37d87e2da44898135108d, 551570.98329031, 4181828.08280481, 37.78234866, -122.41434255, 10S
b7476c851eb37d87e2da44898135108d, 551573.79555836, 4181819.06290773, 37.78226721, -122.41431126, 10S
b7476c851eb37d87e2da44898135108d, 551575.53587426, 4181810.78108305, 37.78219247, -122.41429209, 10S
b7476c851eb37d87e2da44898135108d, 551579.79506788, 4181797.83653470, 37.78207556, -122.41424464, 10S
b7476c851eb37d87e2da44898135108d, 551580.17209890, 4181789.44994010, 37.78199996, -122.41424095, 10S
b7476c851eb37d87e2da44898135108d, 551571.80225510, 4181783.10216380, 37.78194322, -122.41433645, 10S

2d75189178b4534952ce37d3b66857a5, 551262.94177713, 4181210.98226485, 37.77680421, -122.41788423, 10S
2d75189178b4534952ce37d3b66857a5, 551277.62434297, 4181218.45383741, 37.77687073, -122.41771698, 10S
2d75189178b4534952ce37d3b66857a5, 551324.46326464, 4181218.69622318, 37.77687028, -122.41718511, 10S
2d75189178b4534952ce37d3b66857a5, 551343.85223802, 4181225.11652814, 37.77692706, -122.41696449, 10S
2d75189178b4534952ce37d3b66857a5, 551349.44530783, 4181229.31523492, 37.77696459, -122.41690069, 10S
2d75189178b4534952ce37d3b66857a5, 551354.39943017, 4181235.61333720, 37.77702107, -122.41684399, 10S
2d75189178b4534952ce37d3b66857a5, 551359.37331833, 4181246.12477022, 37.77711553, -122.41678676, 10S
2d75189178b4534952ce37d3b66857a5, 551364.28522064, 4181273.95703158, 37.77736610, -122.41672902, 10S
2d75189178b4534952ce37d3b66857a5, 551363.92150886, 4181293.20758596, 37.77753962, -122.41673179, 10S
2d75189178b4534952ce37d3b66857a5, 551360.93139964, 4181302.64900262, 37.77762488, -122.41676507, 10S
2d75189178b4534952ce37d3b66857a5, 551351.06741347, 4181310.96048816, 37.77770035, -122.41687649, 10S
2d75189178b4534952ce37d3b66857a5, 551335.32157981, 4181322.59564636, 37.77780609, -122.41705446, 10S
2d75189178b4534952ce37d3b66857a5, 551323.52312963, 4181325.54337556, 37.77783332, -122.41718822, 10S
2d75189178b4534952ce37d3b66857a5, 551317.41335359, 4181326.61228474, 37.77784330, -122.41725753, 10S
2d75189178b4534952ce37d3b66857a5, 551296.87702994, 4181326.52998448, 37.77784371, -122.41749072, 10S
2d75189178b4534952ce37d3b66857a5, 551281.84366060, 4181320.97968935, 37.77779453, -122.41766182, 10S
2d75189178b4534952ce37d3b66857a5, 551272.34467894, 4181312.30552340, 37.77771689, -122.41777030, 10S
2d75189178b4534952ce37d3b66857a5, 551267.04941063, 4181305.79950712, 37.77765855, -122.41783088, 10S
2d75189178b4534952ce37d3b66857a5, 551265.10682069, 4181292.98482602, 37.77754316, -122.41785385, 10S
2d75189178b4534952ce37d3b66857a5, 551265.26129830, 4181285.72408290, 37.77747771, -122.41785261, 10S
2d75189178b4534952ce37d3b66857a5, 551264.08638734, 4181276.14967800, 37.77739149, -122.41786663, 10S
2d75189178b4534952ce37d3b66857a5, 551264.01000489, 4181261.32038483, 37.77725784, -122.41786854, 10S
2d75189178b4534952ce37d3b66857a5, 551267.28742905, 4181247.40353781, 37.77713222, -122.41783231, 10S
2d75189178b4534952ce37d3b66857a5, 551274.09255348, 4181232.49238299, 37.77699745, -122.41775609, 10S
2d75189178b4534952ce37d3b66857a5, 551278.48122957, 4181226.07639124, 37.77693938, -122.41770671, 10S
2d75189178b4534952ce37d3b66857a5, 551283.98162595, 4181219.68666667, 37.77688148, -122.41764471, 10S
2d75189178b4534952ce37d3b66857a5, 551293.53811387, 4181216.72758795, 37.77685428, -122.41753640, 10S
2d75189178b4534952ce37d3b66857a5, 551298.85766542, 4181216.92621383, 37.77685577, -122.41747598, 10S
2d75189178b4534952ce37d3b66857a5, 551305.54855449, 4181220.09616643, 37.77688396, -122.41739979, 10S
2d75189178b4534952ce37d3b66857a5, 551309.87469093, 4181223.45334408, 37.77691398, -122.41735042, 10S
2d75189178b4534952ce37d3b66857a5, 551313.89118338, 4181239.28492768, 37.77705644, -122.41730370, 10S
2d75189178b4534952ce37d3b66857a5, 551319.02638310, 4181254.01699448, 37.77718893, -122.41724435, 10S

1a3ba63344652c13e1f52b02a77b84c1, 551063.79658362, 4181528.14763779, 37.77967390, -122.42012318, 10S
1a3ba63344652c13e1f52b02a77b84c1, 551062.68017771, 4181533.28943514, 37.77972031, -122.42013550, 10S
1a3ba63344652c13e1f52b02a77b84c1, 551053.84181591, 4181547.04415153, 37.77984477, -122.42023489, 10S
1a3ba63344652c13e1f52b02a77b84c1, 551047.46340742, 4181563.94714822, 37.77999747, -122.42030613, 10S
1a3ba63344652c13e1f52b02a77b84c1, 551046.17545251, 4181574.48198031, 37.78009249, -122.42032002, 10S
1a3ba63344652c13e1f52b02a77b84c1, 551045.96655575, 4181582.87543191, 37.78016815, -122.42032180, 10S
1a3ba63344652c13e1f52b02a77b84c1, 551045.02563632, 4181600.97377092, 37.78033132, -122.42033121, 10S
1a3ba63344652c13e1f52b02a77b84c1, 551036.28440262, 4181640.34411256, 37.78068664, -122.42042770, 10S
1a3ba63344652c13e1f52b02a77b84c1, 551026.70999801, 4181672.18494814, 37.78097415, -122.42053418, 10S
1a3ba63344652c13e1f52b02a77b84c1, 551021.45800281, 4181687.02733974, 37.78110821, -122.42059278, 10S
1a3ba63344652c13e1f52b02a77b84c1, 551016.13403833, 4181706.05751842, 37.78128003, -122.42065189, 10S
1a3ba63344652c13e1f52b02a77b84c1, 551012.82447475, 4181717.84791365, 37.78138648, -122.42068865, 10S
1a3ba63344652c13e1f52b02a77b84c1, 551007.23934050, 4181745.46148815, 37.78163566, -122.42075013, 10S
1a3ba63344652c13e1f52b02a77b84c1, 551003.03886916, 4181759.03411693, 37.78175822, -122.42079687, 10S
1a3ba63344652c13e1f52b02a77b84c1, 550998.34500158, 4181781.23938221, 37.78195862, -122.42084861, 10S
1a3ba63344652c13e1f52b02a77b84c1, 550995.94480976, 4181795.98567243, 37.78209166, -122.42087483, 10S
1a3ba63344652c13e1f52b02a77b84c1, 550995.66321754, 4181812.81723747, 37.78224337, -122.42087685, 10S
1a3ba63344652c13e1f52b02a77b84c1, 550994.75467074, 4181822.39920613, 37.78232978, -122.42088649, 10S
1a3ba63344652c13e1f52b02a77b84c1, 550994.86614286, 4181839.36611886, 37.78248269, -122.42088403, 10S
1a3ba63344652c13e1f52b02a77b84c1, 550997.13230860, 4181833.86355095, 37.78243297, -122.42085868, 10S
1a3ba63344652c13e1f52b02a77b84c1, 551002.76606581, 4181808.29297266, 37.78220220, -122.42079651, 10S
1a3ba63344652c13e1f52b02a77b84c1, 551005.02075676, 4181793.35836141, 37.78206747, -122.42077195, 10S
1a3ba63344652c13e1f52b02a77b84c1, 551008.66805193, 4181751.81143487, 37.78169281, -122.42073346, 10S
1a3ba63344652c13e1f52b02a77b84c1, 551011.70646045, 4181726.25576146, 37.78146232, -122.42070075, 10S
1a3ba63344652c13e1f52b02a77b84c1, 551014.84610489, 4181710.51135314, 37.78132024, -122.42066621, 10S
1a3ba63344652c13e1f52b02a77b84c1, 551020.17738534, 4181692.50002707, 37.78115761, -122.42060693, 10S
1a3ba63344652c13e1f52b02a77b84c1, 551027.67611928, 4181657.41408831, 37.78084097, -122.42052425, 10S
1a3ba63344652c13e1f52b02a77b84c1, 551030.93562490, 4181644.62722328, 37.78072554, -122.42048814, 10S
1a3ba63344652c13e1f52b02a77b84c1, 551032.32039709, 4181635.25280541, 37.78064098, -122.42047307, 10S
1a3ba63344652c13e1f52b02a77b84c1, 551038.08873769, 4181613.87133438, 37.78044795, -122.42040907, 10S
1a3ba63344652c13e1f52b02a77b84c1, 551041.12882047, 4181606.50380373, 37.78038138, -122.42037507, 10S
1a3ba63344652c13e1f52b02a77b84c1, 551043.00150837, 4181596.82335889, 37.78029402, -122.42035449, 10S
1a3ba63344652c13e1f52b02a77b84c1, 551047.46512170, 4181584.01314396, 37.78017832, -122.42030470, 10S
1a3ba63344652c13e1f52b02a77b84c1, 551048.26392691, 4181583.06946044, 37.78016977, -122.42029570, 10S
1a3ba63344652c13e1f52b02a77b84c1, 551048.02976502, 4181576.83187088, 37.78011356, -122.42029879, 10S
1a3ba63344652c13e1f52b02a77b84c1, 551050.47761613, 4181571.47648456, 37.78006516, -122.42027138, 10S
1a3ba63344652c13e1f52b02a77b84c1, 551052.84746436, 4181559.99932063, 37.77996159, -122.42024527, 10S
1a3ba63344652c13e1f52b02a77b84c1, 551056.43303553, 4181550.46931946, 37.77987549, -122.42020523, 10S
1a3ba63344652c13e1f52b02a77b84c1, 551056.78839794, 4181546.23860634, 37.77983734, -122.42020149, 10S
1a3ba63344652c13e1f52b02a77b84c1, 551059.21170381, 4181533.56835426, 37.77972301, -122.42017486, 10S

4c68fbbf61481e489119d4aa2e9f224a, 551358.34707870, 4181443.00075514, 37.77888998, -122.41678448, 10S
4c68fbbf61481e489119d4aa2e9f224a, 551366.86488455, 4181453.49294789, 37.77898407, -122.41668701, 10S
4c68fbbf61481e489119d4aa2e9f224a, 551369.01094749, 4181457.68880023, 37.77902177, -122.41666235, 10S
4c68fbbf61481e489119d4aa2e9f224a, 551370.98392264, 4181475.04135818, 37.77917805, -122.41663871, 10S
4c68fbbf61481e489119d4aa2e9f224a, 551364.68831071, 4181510.83710947, 37.77950102, -122.41670767, 10S
4c68fbbf61481e489119d4aa2e9f224a, 551359.36999657, 4181541.45037775, 37.77977723, -122.41676589, 10S
4c68fbbf61481e489119d4aa2e9f224a, 551352.22662936, 4181575.56801388, 37.78008513, -122.41684459, 10S
4c68fbbf61481e489119d4aa2e9f224a, 551349.56541064, 4181586.03086872, 37.78017958, -122.41687407, 10S
4c68fbbf61481e489119d4aa2e9f224a, 551336.83915786, 4181613.87680579, 37.78043126, -122.41701661, 10S
4c68fbbf61481e489119d4aa2e9f224a, 551317.99364842, 4181633.18378921, 37.78060633, -122.41722924, 10S
4c68fbbf61481e489119d4aa2e9f224a, 551309.47660723, 4181635.93861186, 37.78063163, -122.41732576, 10S
4c68fbbf61481e489119d4aa2e9f224a, 551282.54271704, 4181633.66541960, 37.78061266, -122.41763177, 10S
4c68fbbf61481e489119d4aa2e9f224a, 551230.76011126, 4181599.05185072, 37.78030360, -122.41822224, 10S
4c68fbbf61481e489119d4aa2e9f224a, 551202.72915518, 4181563.29671981, 37.77998292, -122.41854307, 10S
4c68fbbf61481e489119d4aa2e9f224a, 551198.66681570, 4181541.76720127, 37.77978911, -122.41859072, 10S
4c68fbbf61481e489119d4aa2e9f224a, 551201.52808716, 4181516.56274861, 37.77956178, -122.41856001, 10S
4c68fbbf61481e489119d4aa2e9f224a, 551217.79591847, 4181476.82943893, 37.77920276, -122.41837808, 10S
4c68fbbf61481e489119d4aa2e9f224a, 551240.76134524, 4181436.36391540, 37.77883677, -122.41812016, 10S
4c68fbbf61481e489119d4aa2e9f224a, 551257.91399719, 4181418.22032137, 37.77867228, -122.41792667, 10S
4c68fbbf61481e489119d4aa2e9f224a, 551268.22611634, 4181410.59682887, 37.77860300, -122.41781012, 10S
4c68fbbf61481e489119d4aa2e9f224a, 551288.16059583, 4181403.10675741, 37.77853437, -122.41758428, 10S
4c68fbbf61481e489119d4aa2e9f224a, 551293.09395343, 4181402.36886328, 37.77852744, -122.41752832, 10S
4c68fbbf61481e489119d4aa2e9f224a, 551307.21133423, 4181403.23397072, 37.77853445, -122.41736795, 10S
4c68fbbf61481e489119d4aa2e9f224a, 551317.99666689, 4181410.15113204, 37.77859619, -122.41724499, 10S
4c68fbbf61481e489119d4aa2e9f224a, 551342.35549330, 4181430.05308038, 37.77877419, -122.41696698, 10S
4c68fbbf61481e489119d4aa2e9f224a, 551368.81696344, 4181481.17896390, 37.77923349, -122.41666288, 10S
4c68fbbf61481e489119d4aa2e9f224a, 551366.01217863, 4181515.35882154, 37.77954170, -122.41669231, 10S

842349063110c9f809b5943b0bb5e881, 551247.23474724, 4182092.55230245, 37.78475048, -122.41800028, 10S
842349063110c9f809b5943b0bb5e881, 551241.94095225, 4182093.94568040, 37.78476334, -122.41806030, 10S
842349063110c9f809b5943b0bb5e881, 551227.04789622, 4182096.52721493, 37.78478744, -122.41822925, 10S
842349063110c9f809b5943b0bb5e881, 551219.02257611, 4182096.99144994, 37.78479207, -122.41832035, 10S
842349063110c9f809b5943b0bb5e881, 551211.39366908, 4182096.81233364, 37.78479089, -122.41840700, 10S
842349063110c9f809b5943b0bb5e881, 551203.50114704, 4182094.09205555, 37.78476681, -122.41849682, 10S
842349063110c9f809b5943b0bb5e881, 551196.65938797, 4182093.53836202, 37.78476220, -122.41857456, 10S
842349063110c9f809b5943b0bb5e881, 551189.57327760, 4182091.08945034, 37.78474053, -122.41865520, 10S
842349063110c9f809b5943b0bb5e881, 551180.87927113, 4182089.94408503, 37.78473069, -122.41875401, 10S
842349063110c9f809b5943b0bb5e881, 551171.88769670, 4182087.97225510, 37.78471343, -122.41885626, 10S
842349063110c9f809b5943b0bb5e881, 551152.48895320, 4182086.60348621, 37.78470218, -122.41907665, 10S
842349063110c9f809b5943b0bb5e881, 551133.73252873, 4182085.68389267, 37.78469494, -122.41928972, 10S
842349063110c9f809b5943b0bb5e881, 551120.34308390, 4182085.44348606, 37.78469352, -122.41944179, 10S

4dcf308682aa32dd08b6e82588c9219b, 551267.32560061, 4181990.63639561, 37.78383081, -122.41777933, 10S
4dcf308682aa32dd08b6e82588c9219b, 551254.67621092, 4181990.75073964, 37.78383255, -122.41792297, 10S
4dcf308682aa32dd08b6e82588c9219b, 551238.24380500, 4181987.87877787, 37.78380759, -122.41810978, 10S
4dcf308682aa32dd08b6e82588c9219b, 551233.30581064, 4181987.66169081, 37.78380591, -122.41816587, 10S
4dcf308682aa32dd08b6e82588c9219b, 551221.47133270, 4181986.13193938, 37.78379278, -122.41830038, 10S
4dcf308682aa32dd08b6e82588c9219b, 551213.91237929, 4181985.92046223, 37.78379130, -122.41838623, 10S
4dcf308682aa32dd08b6e82588c9219b, 551200.71005485, 4181983.98088023, 37.78377456, -122.41853629, 10S
4dcf308682aa32dd08b6e82588c9219b, 551197.10716347, 4181984.03849851, 37.78377528, -122.41857720, 10S
4dcf308682aa32dd08b6e82588c9219b, 551191.35702702, 4181982.81300436, 37.78376456, -122.41864259, 10S
4dcf308682aa32dd08b6e82588c9219b, 551172.64067062, 4181980.25906192, 37.78374259, -122.41885531, 10S
4dcf308682aa32dd08b6e82588c9219b, 551166.68239220, 4181978.25148887, 37.78372483, -122.41892312, 10S
4dcf308682aa32dd08b6e82588c9219b, 551161.85665739, 4181976.49543858, 37.78370927, -122.41897804, 10S
4dcf308682aa32dd08b6e82588c9219b, 551160.22547154, 4181975.00372046, 37.78369592, -122.41899667, 10S
4dcf308682aa32dd08b6e82588c9219b, 551154.49605396, 4181973.08519032, 37.78367895, -122.41906187, 10S
4dcf308682aa32dd08b6e82588c9219b, 551151.24543496, 4181971.00329014, 37.78366037, -122.41909893, 10S
4dcf308682aa32dd08b6e82588c9219b, 551147.87424572, 4181969.58838033, 37.78364780, -122.41913731, 10S
4dcf308682aa32dd08b6e82588c9219b, 551147.06848968, 4181969.05782036, 37.78364307, -122.41914650, 10S
4dcf308682aa32dd08b6e82588c9219b, 551145.56362560, 4181969.16875241, 37.78364415, -122.41916358, 10S

fa8be4b3a2409a2cd0d6d7c6e06d8c38, 551377.99145167, 4181845.68868324, 37.78251821, -122.41653288, 10S
fa8be4b3a2409a2cd0d6d7c6e06d8c38, 551376.51315461, 4181845.48706217, 37.78251648, -122.41654968, 10S
fa8be4b3a2409a2cd0d6d7c6e06d8c38, 551354.27260565, 4181842.19314984, 37.78248804, -122.41680248, 10S
fa8be4b3a2409a2cd0d6d7c6e06d8c38, 551347.20854195, 4181840.83735763, 37.78247622, -122.41688279, 10S
fa8be4b3a2409a2cd0d6d7c6e06d8c38, 551326.62225030, 4181837.81813950, 37.78245017, -122.41711678, 10S
fa8be4b3a2409a2cd0d6d7c6e06d8c38, 551314.76716645, 4181837.62067232, 37.78244905, -122.41725142, 10S
fa8be4b3a2409a2cd0d6d7c6e06d8c38, 551310.36145929, 4181838.31614581, 37.78245557, -122.41730140, 10S
fa8be4b3a2409a2cd0d6d7c6e06d8c38, 551307.78838085, 4181838.33121620, 37.78245585, -122.41733062, 10S

8a1335ba8928417e2e04c2f2eeb85a3e, 551391.67211179, 4181824.32749984, 37.78232492, -122.41637904, 10S
8a1335ba8928417e2e04c2f2eeb85a3e, 551391.40418915, 4181827.80327505, 37.78235626, -122.41638184, 10S
8a1335ba8928417e2e04c2f2eeb85a3e, 551390.42263785, 4181837.97358977, 37.78244798, -122.41639226, 10S
8a1335ba8928417e2e04c2f2eeb85a3e, 551387.14917829, 4181844.10105942, 37.78250339, -122.41642900, 10S
8a1335ba8928417e2e04c2f2eeb85a3e, 551386.70573155, 4181845.71279619, 37.78251794, -122.41643392, 10S
8a1335ba8928417e2e04c2f2eeb85a3e, 551385.25565814, 4181848.97473235, 37.78254742, -122.41645016, 10S
8a1335ba8928417e2e04c2f2eeb85a3e, 551385.20914608, 4181849.97873246, 37.78255647, -122.41645061, 10S

73b7f7257e80287051790b6953862653, 551342.29159259, 4181833.01319158, 37.78240598, -122.41693918, 10S
73b7f7257e80287051790b6953862653, 551342.33992393, 4181830.88325780, 37.78238678, -122.41693878, 10S
73b7f7257e80287051790b6953862653, 551344.45676038, 4181820.26032247, 37.78229092, -122.41691550, 10S
73b7f7257e80287051790b6953862653, 551344.78843665, 4181817.38675953, 37.78226500, -122.41691193, 10S
73b7f7257e80287051790b6953862653, 551345.79843505, 4181813.47543445, 37.78222969, -122.41690074, 10S
73b7f7257e80287051790b6953862653, 551346.12166623, 4181808.28581065, 37.78218290, -122.41689744, 10S
73b7f7257e80287051790b6953862653, 551346.42310186, 4181806.59172775, 37.78216762, -122.41689413, 10S
73b7f7257e80287051790b6953862653, 551347.06461395, 4181802.39678284, 37.78212977, -122.41688715, 10S
73b7f7257e80287051790b6953862653, 551347.34344454, 4181800.65751725, 37.78211408, -122.41688410, 10S
73b7f7257e80287051790b6953862653, 551348.30970849, 4181796.41955685, 37.78207583, -122.41687343, 10S
73b7f7257e80287051790b6953862653, 551348.58176887, 4181792.09568221, 37.78203685, -122.41687065, 10S
73b7f7257e80287051790b6953862653, 551348.51274191, 4181786.76424700, 37.78198880, -122.41687181, 10S
73b7f7257e80287051790b6953862653, 551349.10430223, 4181783.23960157, 37.78195700, -122.41686534, 10S
73b7f7257e80287051790b6953862653, 551349.34805006, 4181779.78589030, 37.78192586, -122.41686282, 10S
73b7f7257e80287051790b6953862653, 551348.89840094, 4181779.78699816, 37.78192589, -122.41686792, 10S
73b7f7257e80287051790b6953862653, 551345.40794061, 4181784.42494888, 37.78196789, -122.41690723, 10S
73b7f7257e80287051790b6953862653, 551342.02300872, 4181790.49224108, 37.78202276, -122.41694524, 10S
73b7f7257e80287051790b6953862653, 551340.76459095, 4181797.11841697, 37.78208255, -122.41695906, 10S
73b7f7257e80287051790b6953862653, 551340.91282567, 4181800.99029479, 37.78211744, -122.41695710, 10S
73b7f7257e80287051790b6953862653, 551339.69891119, 4181807.82070852, 37.78217907, -122.41697041, 10S
73b7f7257e80287051790b6953862653, 551339.21933952, 4181811.96998258, 37.78221649, -122.41697556, 10S
73b7f7257e80287051790b6953862653, 551338.96523628, 4181835.67197716, 37.78243013, -122.41697676, 10S
73b7f7257e80287051790b6953862653, 551339.50585037, 4181839.66616818, 37.78246610, -122.41697034, 10S
73b7f7257e80287051790b6953862653, 551340.04154013, 4181840.77914958, 37.78247610, -122.41696418, 10S
73b7f7257e80287051790b6953862653, 551340.23106743, 4181841.69874701, 37.78248438, -122.41696196, 10S
73b7f7257e80287051790b6953862653, 551339.75524152, 4181841.57646079, 37.78248330, -122.41696738, 10S

